case_name,task_s,restore_s,max_balance_J,max_current_A,max_reference_A,Vmin,Vmax,nmin,nmax,high_direction_error_A,low_direction_error_A,blocked_reference_A,block_entry_i_A,block_end_i_A,zero_events,max_midpoint_iterations,midpoint_defect,ledger_split_error_J,device_split_error_J,task_source_J,restore_source_J,total_source_J,total_losses_J,task_chopper_J,task_charge_J,task_return_J,load_J,channel_J,diode_J,transition_J,oss_J,gate_J,final_rpm,final_i_A,final_V,target_rpm_error,target_mean_current_error_A,final_second_store_drift_J,plant_R,plant_L,plant_J,plant_b,plant_Tc,plant_Ron,plant_Rd,plant_Vf,plant_Vs,plant_Rs,plant_C,plant_deadtime_s,controller_R,controller_b,controller_deadtime_s,controller_Kp,controller_Ki,speed_Kp,speed_Ki,speed_pi_enabled,speed_integrator_A,recovery_credit_J,credited_J,spent_J,leaked_J,initial_bus_V,credit_decay_per_s,credit_margin,credit_reserve_J,credit_time_s,loss_fraction
nominal_bypass,20,70,3.4219574445160106e-06,20.04859676521379,20,56.59447347803477,68.70879893939619,2866.2582127291153,3001.6220943944572,0,0,0,0,0,0,5,4.973799150320701e-13,2.2737367544323206e-13,1.977154551191518e-09,1773.5828924848606,16872.786062862106,18646.368955346967,17277.724558896378,349.38761400168386,0,0,1372.9026812515126,144.149551460761,21.231425347811967,38.252416239801875,1.4914078043400447,0.8398848000152973,3000.0000000000846,7.283723307460688,59.19648412439388,8.458300726488233e-11,4.539535858327781e-09,6.012403730437654e-10,0.8,0.02,0.51,0.001,0.05,0.02,0.01,0.7,60,0.3,0.1,1e-06,0.8,0.001,1e-06,25.13274122871835,1030.442390377452,10.18,2.55,1,-4.65274517475626e-09,0,0,0,0,60,0.02,0.9,5,0.2,0.25
nominal_dispatch,20,70,3.6172896216157824e-06,20.04679434493554,20,56.59446979082564,67.2637058090889,2875.264749755605,3001.621243054431,0,0,0,0,0,7480,5,4.973799150320701e-13,1.283524397877045e-10,2.0043204873587683e-09,1696.9240887165927,16505.316880892235,18202.24096960883,16833.596572990937,0,373.90250836630406,89.98338575872637,1372.9026812515126,142.34465556924664,21.61641124217721,39.315514047741104,1.63459915193788,1.0797750000074342,3000.000000000071,7.283723307624747,59.196484124391354,7.09405867382884e-11,4.539535858327781e-09,7.687368963615882e-10,0.8,0.02,0.51,0.001,0.05,0.02,0.01,0.7,60,0.3,0.1,1e-06,0.8,0.001,1e-06,25.13274122871835,1030.442390377452,10.18,2.55,1,-4.66839453074058e-09,111.33758324069943,233.73145733402282,112.17514593815518,10.218728155171153,60,0.02,0.9,5,0.2,0.25
R_high_bypass,20,70,3.4140866773668677e-06,20.01638072479465,20,56.13941796007498,68.70879893939619,2866.2581058687133,3001.622946293001,0,0,0,0,0,0,5,4.973799150320701e-13,1.8189894035458565e-12,6.055133061622087e-10,1773.5828924848606,18507.91619632553,20281.49908881039,18913.177476052984,349.38761400168386,0,0,1372.9026812515126,144.14906512967525,21.231126410435916,38.13063372714955,1.4856633857888588,0.8398776000152971,3000.0000000001005,7.283758528551536,59.14193064175207,1.0049916454590857e-10,4.539535858327781e-09,6.606909863648979e-10,1,0.02,0.51,0.001,0.05,0.02,0.01,0.7,60,0.3,0.1,1e-06,0.8,0.001,1e-06,25.13274122871835,1030.442390377452,10.18,2.55,1,-4.6416172591570175e-09,0,0,0,0,60,0.02,0.9,5,0.2,0.25
R_high_dispatch,20,70,3.6276705941418186e-06,20.016362711312297,20,56.13944242448951,67.04260358497136,2875.0989431966336,3001.6284989883857,0,0,0,0,0,6200,5,4.973799150320701e-13,7.543832225564984e-10,8.27763635413703e-10,1713.3008520233166,18098.865056899005,19812.16590892232,18443.844296010808,0,391.9999353567594,83.43488639065828,1372.9026812515126,142.34047880536502,21.611496224679367,39.178529242405396,1.6275471114484221,1.0797738000074344,3000.0000000000805,7.283758528514737,59.14193064176494,8.049028110690415e-11,4.539535858327781e-09,8.594575007236927e-10,1,0.02,0.51,0.001,0.05,0.02,0.01,0.7,60,0.3,0.1,1e-06,0.8,0.001,1e-06,25.13274122871835,1030.442390377452,10.18,2.55,1,-4.660241566925055e-09,109.32714553324281,230.22027997639185,111.00709417481038,9.886040268303516,60,0.02,0.9,5,0.2,0.25
L_low_bypass,20,70,3.400695277377963e-06,20.04759560184422,20,56.594457595482496,68.70879893939619,2866.2611987211394,3001.6185382676726,0,0,0,0,0,0,5,4.973799150320701e-13,3.637978807091713e-12,2.4571933376904553e-09,1773.5828924848606,16872.571371769933,18646.154264254794,17277.669005043073,349.38761400168386,0,0,1372.9026812515126,144.14786643031726,21.232400212465176,38.25423504214093,1.4914743766105374,0.8399196000152983,3000.00000000011,7.283951430466558,59.19648370949616,1.1004885891452432e-10,4.539535858327781e-09,3.4370965096286453e-10,0.8,0.014,0.51,0.001,0.05,0.02,0.01,0.7,60,0.3,0.1,1e-06,0.8,0.001,1e-06,25.13274122871835,1030.442390377452,10.18,2.55,1,-4.696231944345041e-09,0,0,0,0,60,0.02,0.9,5,0.2,0.25
L_low_dispatch,20,70,3.614319211919792e-06,20.04609605535139,20,56.594447085055286,67.27057704659866,2875.278788519162,3001.616111507087,0,0,0,0,0,4051,5,4.973799150320701e-13,9.177369975077454e-11,2.63419330792658e-09,1697.2113002210083,16504.8838194816,18202.09511970261,16833.609860388933,0,374.938148453925,90.4694364097911,1372.9026812515126,142.34460017887065,21.62059990193795,39.32451929233388,1.6321302400884625,1.079839800007424,3000.00000000008,7.283951430586159,59.196483709494125,8.003553375601768e-11,4.539535858327781e-09,3.541775512871936e-10,0.8,0.014,0.51,0.001,0.05,0.02,0.01,0.7,60,0.3,0.1,1e-06,0.8,0.001,1e-06,25.13274122871835,1030.442390377452,10.18,2.55,1,-4.715906902632885e-09,111.47935808661063,234.06031885484325,112.34299532782013,10.237965440416257,60,0.02,0.9,5,0.2,0.25
J_high_bypass,20,70,1.6236554074566811e-06,20.047998456627823,20,56.59441670264941,68.70879893939619,2894.6224977383677,3001.895985675847,0,0,0,0,0,0,5,4.973799150320701e-13,9.094947017729282e-13,3.217316413284266e-10,1773.5828924848606,16918.325919527444,18691.908812012305,17323.26441957356,349.38761400168386,0,0,1372.9026812515126,144.44674466075816,21.263486135843078,38.30496101236709,1.4912509642617477,0.8398842000152973,2999.999999996643,7.283723313326038,59.19648412353606,3.356944944243878e-09,2.2816744049691806e-09,2.0494115204883203e-08,0.8,0.02,0.65,0.001,0.05,0.02,0.01,0.7,60,0.3,0.1,1e-06,0.8,0.001,1e-06,25.13274122871835,1030.442390377452,10.18,2.55,1,-1.5700245455364605e-09,0,0,0,0,60,0.02,0.9,5,0.2,0.25
J_high_dispatch,20,70,1.625790901016444e-06,20.04622313676035,20,56.59440598929796,67.26383585053192,2901.6713879438475,3001.8930908985694,0,0,0,0,0,7429,5,4.973799150320701e-13,5.432099214885966e-10,3.124962510980822e-10,1696.6026839430292,16547.672772079026,18244.275456022056,16875.631063572895,0,373.91586175349994,90.29459840372947,1372.9026812515126,142.61550910512668,21.64539895116863,39.36257454080426,1.6344585341793403,1.079775600007434,2999.999999997231,7.2837233129021755,59.19648412353117,2.76895661954768e-09,2.2816744049691806e-09,1.712321967772823e-08,0.8,0.02,0.65,0.001,0.05,0.02,0.01,0.7,60,0.3,0.1,1e-06,0.8,0.001,1e-06,25.13274122871835,1030.442390377452,10.18,2.55,1,-9.567406444767525e-10,111.63564249929311,234.40377308328934,112.55443725121016,10.213693332778524,60,0.02,0.9,5,0.2,0.25
b_high_bypass,20,70,8.55907637742348e-06,20.047831467660995,20,56.594417436338425,68.70879893939619,2810.4155580607658,3000.3098336903636,0,0,0,0,0,0,5,4.973799150320701e-13,3.637978807091713e-12,4.1964243191472406e-10,1773.5828924848606,26523.124913437674,28296.707805922535,26930.415266486078,349.38761400168386,0,0,1372.9026812515126,259.73663878737057,31.340200788353066,53.92776522629853,1.459055735772721,0.8398860000152973,3000.0000000029845,10.425380069456983,58.703148330906856,2.984506863867864e-09,1.1231268359779278e-08,2.1500249545169937e-08,0.8,0.02,0.51,0.0015,0.05,0.02,0.01,0.7,60,0.3,0.1,1e-06,0.8,0.001,1e-06,25.13274122871835,1030.442390377452,10.18,2.55,1,3.1415926434970474,0,0,0,0,60,0.02,0.9,5,0.2,0.25
b_high_dispatch,20,70,8.416729542659596e-06,20.045864032604594,20,56.59444546609767,67.26343541692215,2819.875721888619,3000.3146570069694,0,0,0,0,0,7821,5,4.973799150320701e-13,1.496403001510771e-10,4.544491449820498e-10,1703.5850517325612,26131.72520870922,27835.31026044178,26469.01772088375,0,373.84198262084357,83.47174844137011,1372.9026812515126,257.31771920037426,31.701040044405975,54.97451623453437,1.60197081322495,1.079769600007435,3000.000000001752,10.425380069515693,58.70314833088942,1.7521415429655463e-09,1.1231268359779278e-08,2.145271750464417e-08,0.8,0.02,0.51,0.0015,0.05,0.02,0.01,0.7,60,0.3,0.1,1e-06,0.8,0.001,1e-06,25.13274122871835,1030.442390377452,10.18,2.55,1,3.14159264287095,116.78128941467766,232.33230616567022,104.70367716236088,10.847339588595343,60,0.02,0.9,5,0.2,0.25
Tc_high_bypass,20,70,3.1469717214349657e-06,20.04803416375691,20,56.59448625519554,68.70879893939619,2857.0759156960175,3001.377823946754,0,0,0,0,0,0,5,4.973799150320701e-13,3.637978807091713e-12,1.4305642226375426e-09,1773.5828924848606,18334.54120929162,20108.12410177648,18739.832586454744,349.38761400168386,0,0,1372.9026812515126,160.71128243534534,22.8228284224063,40.81215609536436,1.4865130976984213,0.8398848000152973,3000.0000000001482,7.783733506526052,59.12410120707777,1.482476363889873e-10,5.801915392567025e-09,1.3253401931478947e-09,0.8,0.02,0.51,0.001,0.075,0.02,0.01,0.7,60,0.3,0.1,1e-06,0.8,0.001,1e-06,25.13274122871835,1030.442390377452,10.18,2.55,1,0.49999999461141836,0,0,0,0,60,0.02,0.9,5,0.2,0.25
Tc_high_dispatch,20,70,3.518684025038965e-06,20.04621502459578,20,56.59448497730054,67.26366220252228,2866.0964332222725,3001.3775299331373,0,0,0,0,0,7404,5,4.973799150320701e-13,7.991332040546695e-10,1.6427195159707253e-09,1697.0337793487804,17964.037825168663,19661.071604517445,18292.78008887638,0,373.8986690801906,89.87786392545674,1372.9026812515126,158.82566513840675,23.207028548183477,41.8782728154763,1.6296753824620158,1.0797738000074344,3000.000000000128,7.783733506632667,59.124101207074396,1.2778400559909642e-10,5.801915392567025e-09,7.183010097833176e-10,0.8,0.02,0.51,0.001,0.075,0.02,0.01,0.7,60,0.3,0.1,1e-06,0.8,0.001,1e-06,25.13274122871835,1030.442390377452,10.18,2.55,1,0.4999999945944044,111.23751204341175,233.5046879274184,112.04653794393452,10.22063794004322,60,0.02,0.9,5,0.2,0.25
Vs_low_bypass,20,70,3.4264849091414362e-06,20.04859676521379,20,53.390479846048905,68.6883053408361,2866.2582127291153,3001.622094394268,0,0,0,0,0,0,5,4.973799150320701e-13,2.2737367544323206e-13,2.4704582823886767e-10,1741.2046220303073,16915.984178709958,18657.188800740267,17288.54725831042,296.73644832953045,0,0,1372.9026812515126,144.14954252962562,21.231424078279048,36.24120781933928,1.3419951721930803,0.8398848000152973,3000.000000000086,7.283723375967379,56.15306450937355,8.594724931754172e-11,4.539535858327781e-09,5.265798108666786e-10,0.8,0.02,0.51,0.001,0.05,0.02,0.01,0.7,57,0.3,0.1,1e-06,0.8,0.001,1e-06,25.13274122871835,1030.442390377452,10.18,2.55,1,-4.652111143130324e-09,0,0,0,0,57,0.02,0.9,5,0.2,0.25
Vs_low_dispatch,20,70,3.6488545447355136e-06,20.046549117081703,20,53.390479124546935,67.13324539623338,2874.4093353313206,3001.6219384804817,0,0,0,0,0,8123,5,4.973799150320701e-13,9.242739906767383e-11,2.778128838087923e-10,1681.6564689826157,16582.55831231119,18264.214781293806,16895.573238692126,0,325.5391328611713,76.40243823689204,1372.9026812515126,142.3388635399544,21.554296639823303,37.15885261728189,1.467226358374977,1.079731800007441,3000.000000000073,7.283723376202727,56.15306450937204,7.321432349272072e-11,4.539535858327781e-09,4.682159726598912e-10,0.8,0.02,0.51,0.001,0.05,0.02,0.01,0.7,57,0.3,0.1,1e-06,0.8,0.001,1e-06,25.13274122871835,1030.442390377452,10.18,2.55,1,-4.666952855129807e-09,101.6145552594465,205.94082868135578,95.46134958955602,8.864923832348422,57,0.02,0.9,5,0.2,0.25
Rs_high_bypass,20,70,3.4261702239746228e-06,20.04859676521379,20,54.71692856303986,68.70860169574132,2866.2582127291153,3001.6220943934713,0,0,0,0,0,0,5,4.973799150320701e-13,9.094947017729282e-13,6.812094222041765e-10,1787.5983157796277,17179.746551002965,18967.344866782594,17601.11995482743,347.05844071451213,0,0,1372.9026812515126,144.14954908598452,21.23142503674112,37.67615062354184,1.4602537830558802,0.8398848000152973,3000.0000000001,7.283723315673241,58.78634232924078,1.000444171950221e-10,4.539535858327781e-09,6.215270076381784e-10,0.8,0.02,0.51,0.001,0.05,0.02,0.01,0.7,60,0.45,0.1,1e-06,0.8,0.001,1e-06,25.13274122871835,1030.442390377452,10.18,2.55,1,-4.641447419870894e-09,0,0,0,0,60,0.02,0.9,5,0.2,0.25
Rs_high_dispatch,20,70,3.6285400710767135e-06,20.046865396432796,20,54.716921689661746,67.2590008728837,2875.1442431060605,3001.6211110459785,0,0,0,0,0,8694,5,4.973799150320701e-13,5.482689857672085e-10,6.395732832231715e-10,1709.620253518244,16802.125563620644,18511.74581713889,17145.520905040692,0,371.68841271035507,89.51501902867942,1372.9026812515126,142.4179323214997,21.61953821898618,38.76152655412905,1.6012713813101709,1.0797174000074432,3000.0000000000823,7.283723316277695,58.786342329215756,8.230927051045e-11,4.539535858327781e-09,5.348112352976386e-10,0.8,0.02,0.51,0.001,0.05,0.02,0.01,0.7,60,0.45,0.1,1e-06,0.8,0.001,1e-06,25.13274122871835,1030.442390377452,10.18,2.55,1,-4.659578146946209e-09,109.89677909753912,232.4826101008596,112.79015529066452,9.79567571265087,60,0.02,0.9,5,0.2,0.25
C_low_bypass,20,70,3.4148197300964966e-06,20.046178806075496,20,56.59443024028583,68.71150457987795,2866.2579265895256,3001.622495596442,0,0,0,0,0,0,5,4.973799150320701e-13,9.094947017729282e-13,1.9192436528925327e-09,1795.6913848773238,16884.76902865248,18680.460413529807,17310.85825440942,381.14730543339357,0,0,1372.9026812515126,144.14971851360843,21.231263227716862,38.25041565780608,1.4913413533224273,0.8398800000152972,3000.0000000000805,7.283723307038202,59.196484124419506,8.049028110690415e-11,4.539535858327781e-09,6.119298490148139e-10,0.8,0.02,0.51,0.001,0.05,0.02,0.01,0.7,60,0.3,0.08,1e-06,0.8,0.001,1e-06,25.13274122871835,1030.442390377452,10.18,2.55,1,-4.651513823096992e-09,0,0,0,0,60,0.02,0.9,5,0.2,0.25
C_low_dispatch,20,70,3.6094097595196217e-06,20.044662316331053,20,56.594460562012394,67.36940544155317,2875.691798245839,3001.6294966647183,0,0,0,0,0,8092,5,4.973799150320701e-13,1.6504486666235607e-10,1.989793219081548e-09,1707.6208510257238,16497.537549705583,18205.158400731307,16835.556241447204,0,398.84937977408157,96.21619654810326,1372.9026812515126,142.383607234337,21.645524876785228,39.38625324393805,1.63935296672373,1.079763600007436,3000.0000000000723,7.283723306634052,59.196484124417665,7.23048287909478e-11,4.539535858327781e-09,6.009523190186883e-10,0.8,0.02,0.51,0.001,0.05,0.02,0.01,0.7,60,0.3,0.08,1e-06,0.8,0.001,1e-06,25.13274122871835,1030.442390377452,10.18,2.55,1,-4.667551193810042e-09,116.2599579040932,247.03840994877896,119.89271435924877,10.885737685419791,60,0.02,0.9,5,0.2,0.25
friction_high_bypass,20,70,8.807932317722589e-06,20.04730987483331,20,56.594436105652576,68.70879893939619,2801.3215442087303,3000.1862756939113,0,0,0,0,0,0,5,4.973799150320701e-13,1.1368683772161603e-13,6.727012280549616e-10,1773.5828924848606,28202.6060862265,29976.18897871136,28610.300729202747,349.38761400168386,0,0,1372.9026812515126,281.21653311735804,33.013419300903536,56.3877650521417,1.4534211398950592,0.8398860000152973,3000.000000004631,10.925390279725365,58.61602775004318,4.631147021427751e-09,1.2493645229483263e-08,2.373864688820504e-08,0.8,0.02,0.51,0.0015,0.075,0.02,0.01,0.7,60,0.3,0.1,1e-06,0.8,0.001,1e-06,25.13274122871835,1030.442390377452,10.18,2.55,1,3.641592645576803,0,0,0,0,60,0.02,0.9,5,0.2,0.25
friction_high_dispatch,20,70,8.503804565407336e-06,20.047279484520416,20,56.594423858961186,67.26339150011356,2811.1371822359515,3000.184533568569,0,0,0,0,0,6914,5,4.973799150320701e-13,6.208722425071755e-11,6.16457773716661e-10,1708.7226734435694,27795.741472977083,29504.46414642065,28138.575896631955,0,373.82723124123794,78.46671665355636,1372.9026812515126,278.5155275255977,33.35048490274575,57.399157129135894,1.5860763064436594,1.0797720000074347,3000.0000000032574,10.925390281384987,58.616027749811785,3.2573552743997425e-09,1.0219908475050943e-08,2.285783509137218e-08,0.8,0.02,0.51,0.0015,0.075,0.02,0.01,0.7,60,0.3,0.1,1e-06,0.8,0.001,1e-06,25.13274122871835,1030.442390377452,10.18,2.55,1,3.641592644426723,121.67422840214189,232.10853408913707,99.04153187343614,11.392773813523032,60,0.02,0.9,5,0.2,0.25
device_high_bypass,20,70,3.2549996831221506e-06,20.017633102104707,20,56.569636435565144,68.70879893939619,2866.258207483145,3001.6222822227915,0,0,0,0,0,0,5,4.973799150320701e-13,4.547473508864641e-13,7.612548369451133e-10,1773.5828924848606,16972.514598084996,18746.097490569857,17377.475848460363,349.38761400168386,0,0,1372.9026812515126,207.2162774563553,50.67350419877393,38.29649615203948,1.498373921379792,0.8398836000152973,3000.0000000000805,7.284268917997439,59.1926267078617,8.049028110690415e-11,4.539535858327781e-09,5.954670712071674e-10,0.8,0.02,0.51,0.001,0.05,0.03,0.015,0.8,60,0.3,0.1,2e-06,0.8,0.001,1e-06,25.13274122871835,1030.442390377452,10.18,2.55,1,-4.627027815284854e-09,0,0,0,0,60,0.02,0.9,5,0.2,0.25
device_high_dispatch,20,70,3.467519491096027e-06,20.017513936606186,20,56.569638178233284,67.24684847221985,2875.255674727585,3001.6226842154033,0,0,0,0,0,12972,5,4.973799150320701e-13,1.9407764284551376e-10,8.523136640903317e-10,1698.2498875967503,16603.16832094831,18301.41820854506,16932.79656625118,0,375.3669295181826,89.39942115213682,1372.9026812515126,204.62398522197378,51.5244853260109,39.35816814405716,1.6429152557063023,1.0797168000074433,3000.0000000000614,7.284268917278186,59.19262670786817,6.139089236967266e-11,4.539535858327781e-09,4.023541322339952e-10,0.8,0.02,0.51,0.001,0.05,0.03,0.015,0.8,60,0.3,0.1,2e-06,0.8,0.001,1e-06,25.13274122871835,1030.442390377452,10.18,2.55,1,-4.637722734823334e-09,111.22852438508974,233.54448235166885,112.12102827579439,10.194929690778633,60,0.02,0.9,5,0.2,0.25
combined_bypass,20,70,9.525349014438689e-06,20.019181652962676,20,50.52769677812535,68.70914474746186,2843.1361443080136,3000.5263561314828,0,0,0,0,0,0,5,4.973799150320701e-13,5.684341886080802e-14,3.115206981263441e-10,1787.3602726940449,32983.404827788036,34770.76510048208,33407.91074730697,337.1618489305787,0,0,1372.9026812515126,406.35234057406194,79.91107808593148,51.7944625714685,1.2389928568850532,0.839910600015298,3000.00000001428,10.926692612717403,54.56095968350803,1.4279976312536746e-08,3.295727601937415e-08,6.242935878049139e-07,1,0.014,0.65,0.0015,0.075,0.03,0.015,0.8,57,0.45,0.08,2e-06,0.8,0.001,1e-06,25.13274122871835,1030.442390377452,10.18,2.55,1,3.641592633990496,0,0,0,0,57,0.02,0.9,5,0.2,0.25
combined_dispatch,20,70,9.532399417366832e-06,20.01903071587674,20,50.52770644178737,67.05700555724033,2849.799825621217,3000.52746946214,0,0,0,0,0,10714,5,4.973799150320701e-13,1.580815478519071e-10,1.8847390315102075e-10,1728.603815765675,32532.834988727886,34261.43880449356,32898.58445163857,0,375.6987164425601,77.59030346759447,1372.9026812515126,403.19593839331606,80.70435841432055,52.85755533944568,1.371480001433988,1.0797402000074396,3000.000000000445,10.926692626094098,54.5609596790916,4.4519765651784837e-10,2.1588592247212546e-08,3.424015204416264e-07,1,0.014,0.65,0.0015,0.075,0.03,0.015,0.8,57,0.45,0.08,2e-06,0.8,0.001,1e-06,25.13274122871835,1030.442390377452,10.18,2.55,1,3.6415926323545382,104.83993580765085,219.10252376265322,105.1448605547377,9.117727400254621,57,0.02,0.9,5,0.2,0.25
