scenario,component,bypass_task_J,dispatch_task_J,bypass_restore_J,dispatch_restore_J,total_loss_reduction_J
nominal,Wline_J,31.998577964431785,28.199536115174542,533.6195976142324,508.15570323509354,29.26293622839603
nominal,Wchopper_J,349.38761400168386,0.0,0.0,0.0,349.38761400168386
nominal,Wconverter_J,0.0,5.852807621645662,205.96468565470732,200.13814739146892,-0.02626935840726219
nominal,Wcopper_J,0.0,130.41746888374828,6006.189005778199,5800.563539850883,75.20799704356796
nominal,Wviscous_J,1886.6740940014274,1889.48126110989,6861.07182534694,6867.2364736940635,-8.971815455584874
nominal,Wcoulomb_J,307.1113179265082,307.34241613847115,1095.7078406082474,1096.2092189504976,-0.7324765542132354
R_high,Wline_J,31.998577964431785,28.665008834356613,667.6890697619849,635.7806552619961,35.24198363006394
R_high,Wchopper_J,349.38761400168386,0.0,0.0,0.0,349.38761400168386
R_high,Wconverter_J,0.0,5.712910277343243,205.83636625245938,200.12491490573524,-0.0014589306190941898
R_high,Wcopper_J,0.0,157.9490166815679,7507.705707065151,7255.551781303668,94.20490907991552
R_high,Wviscous_J,1886.6740940014274,1889.400995720569,6861.067260800401,6867.123191948302,-8.782832867042089
R_high,Wcoulomb_J,307.1113179265082,307.3358144504629,1095.7074682789357,1096.2000066268035,-0.7170348718225341
L_low,Wline_J,31.998577964431785,28.201739731271903,533.6011885852196,508.11383530814317,29.28419151023627
L_low,Wchopper_J,349.38761400168386,0.0,0.0,0.0,349.38761400168386
L_low,Wconverter_J,0.0,5.870198646902165,205.96589566400638,200.1314907689704,-0.035793751866179946
L_low,Wcopper_J,0.0,130.76819767373695,6006.132141608554,5800.225062352053,75.13888158276404
L_low,Wviscous_J,1886.6740940014274,1889.4860675225655,6861.088938677121,6867.259373233214,-8.982408077230502
L_low,Wcoulomb_J,307.1113179265082,307.3428110312391,1095.7092366141221,1096.2110841208353,-0.733340611443964
J_high,Wline_J,31.998577964431785,28.18018172626215,535.8063704558695,510.01526597460327,29.6095007194358
J_high,Wchopper_J,349.38761400168386,0.0,0.0,0.0,349.38761400168386
J_high,Wconverter_J,0.0,5.830324252636513,206.34632697292517,200.5073924783378,0.008610241950862019
J_high,Wcopper_J,0.0,129.77546724845786,6018.5717190056275,5812.490777616507,76.30547414066223
J_high,Wviscous_J,1905.0529279749799,1907.265006259584,6870.969974642739,6875.859161664299,-7.1012653061643505
J_high,Wcoulomb_J,308.61383685165254,308.794617828356,1096.5170717036508,1096.912868523852,-0.5765777969045303
b_high,Wline_J,31.998577964431785,28.400470502776752,1033.327235667813,1003.1688956918482,33.756447437619954
b_high,Wchopper_J,349.38761400168386,0.0,0.0,0.0,349.38761400168386
b_high,Wconverter_J,0.0,5.840785599964639,347.3035465380094,340.8342302928036,0.6285306452411419
b_high,Wcopper_J,0.0,130.96939612025184,10822.318325292232,10590.556380867894,100.79254830408536
b_high,Wviscous_J,2775.9532715013956,2780.313107979293,10176.540870887155,10194.142188017991,-21.961153608734094
b_high,Wcoulomb_J,304.1363815228078,304.3793530461903,1089.4494431105468,1090.4129127647345,-1.206441177570241
Tc_high,Wline_J,31.998577964431785,28.206085984276896,600.273653295859,574.1789354741412,29.8872098018727
Tc_high,Wchopper_J,349.38761400168386,0.0,0.0,0.0,349.38761400168386
Tc_high,Wconverter_J,0.0,5.860371550348547,226.67266484939915,220.7600441325447,0.05224916650590217
Tc_high,Wcopper_J,0.0,130.63524429879408,6696.261046244644,6487.054370684449,78.5714312614009
Tc_high,Wviscous_J,1880.7813556869567,1883.5863869353054,6852.054250321293,6858.910274289819,-9.661055216874956
Tc_high,Wcoulomb_J,459.94120096280415,460.2884314503779,1642.4622231276721,1643.2999440763263,-1.1849514362279479
Vs_low,Wline_J,34.721473181187505,31.243877205067246,596.5316155598263,570.7588191208041,29.250392415142414
Vs_low,Wchopper_J,296.73644832953045,0.0,0.0,0.0,296.73644832953045
Vs_low,Wconverter_J,0.0,5.040651993144365,203.80405439969934,198.55831896257544,0.20508344397953238
Vs_low,Wcopper_J,0.0,110.62240876892423,6006.188588959943,5820.115951411804,75.45022877921474
Vs_low,Wviscous_J,1886.6740940014274,1889.0912111029784,6861.071825344281,6866.668550352481,-8.01384210975084
Vs_low,Wcoulomb_J,307.1113179265082,307.3103887915303,1095.7078406080166,1096.1630609828153,-0.6542912398206226
Rs_high,Wline_J,48.343174545520434,42.68297030801961,843.6071037409249,803.2454208924557,46.02188708596998
Rs_high,Wchopper_J,347.05844071451213,0.0,0.0,0.0,347.05844071451213
Rs_high,Wconverter_J,0.0,5.846448345157701,205.35726332872008,199.6335375302161,-0.12272254665373339
Rs_high,Wcopper_J,0.0,130.7190898070611,6006.188894616073,5803.3136269514835,72.15617785752875
Rs_high,Wviscous_J,1886.6740940014274,1889.3858977205336,6861.071825345565,6867.156607415552,-8.796585789092205
Rs_high,Wcoulomb_J,307.1113179265082,307.33457765640276,1095.7078406081796,1096.2027284138098,-0.7181475355246221
C_low,Wline_J,32.62433661211283,28.43824361147273,534.3673828722534,507.59933487236395,30.954141000529603
C_low,Wchopper_J,381.14730543339357,0.0,0.0,0.0,381.14730543339357
C_low,Wconverter_J,0.0,6.270509952491962,205.962618754388,199.86399197128924,-0.17188316939319748
C_low,Wcopper_J,0.0,141.6358426381848,6006.193617936488,5790.965840682315,73.59193461598898
C_low,Wviscous_J,1886.6740940014274,1889.671259472784,6861.069897525118,6867.520873912122,-9.448141858360032
C_low,Wcoulomb_J,307.1113179265082,307.3580203083473,1095.7076833477306,1096.232324025835,-0.7713430599433195
friction_high,Wline_J,31.998577964431785,28.546395681404498,1136.1095447357782,1104.1662793191672,35.39544769963845
friction_high,Wchopper_J,349.38761400168386,0.0,0.0,0.0,349.38761400168386
friction_high,Wconverter_J,0.0,5.791856745968489,372.91102460964953,366.13916111734545,0.9800067463355617
friction_high,Wcopper_J,0.0,130.60193231340193,11717.313834742861,11474.165799158474,112.54610327098453
friction_high,Wviscous_J,2767.2846268114185,2771.8065831339145,10147.977065763753,10168.012782468231,-24.557673026973134
friction_high,Wcoulomb_J,455.48348614670056,455.8625136163554,1631.834954426471,1633.4825930776915,-2.026666120875234
device_high,Wline_J,31.998577964431785,28.238525185411856,540.8227565495558,515.0448894068007,29.53791992177503
device_high,Wchopper_J,349.38761400168386,0.0,0.0,0.0,349.38761400168386
device_high,Wconverter_J,0.0,8.2266888789997,298.5245353291365,290.00258186942483,0.29526458071194384
device_high,Wcopper_J,0.0,130.24301301061826,6006.178269390565,5800.784208756815,75.15104762313149
device_high,Wviscous_J,1886.6740940014274,1889.4759440695339,6861.070916799463,6867.23004120971,-8.960974478353819
device_high,Wcoulomb_J,307.1113179265082,307.34197884391705,1095.7077664975907,1096.2086950199493,-0.7315894397675038
combined,Wline_J,54.238680930080626,48.94593191119228,2661.865274738554,2591.942254270998,75.21576948644406
combined,Wchopper_J,337.1618489305787,0.0,0.0,0.0,337.1618489305787
combined,Wconverter_J,0.0,7.69906652482761,540.1367846886063,531.5100058236792,0.9277123400995606
combined,Wcopper_J,0.0,151.976628351461,14722.820637579493,14456.460004779952,114.38400444807849
combined,Wviscous_J,2807.6140768535383,2810.5749096030763,10189.934095594966,10203.946555126411,-16.973292280981696
combined,Wcoulomb_J,458.8250988188017,459.0704773838573,1635.3142491723445,1636.4586178631173,-1.389747255828297
