scenario,label_zh,change,valid_common_terminal,bypass_total_source_J,dispatch_total_source_J,source_reduction_J,source_reduction_percent,task_source_reduction_J,restore_source_reduction_J,bypass_task_source_J,dispatch_task_source_J,bypass_restore_source_J,dispatch_restore_source_J,final_store_mismatch_J,pair_energy_identity_error_J,max_balance_J,max_final_second_store_drift_J,bypass_peak_bus_V,dispatch_peak_bus_V,bypass_min_bus_V,dispatch_min_bus_V,dispatch_peak_current_A,dispatch_final_rpm,bypass_final_rpm,reduction_line_J,reduction_chopper_J,reduction_converter_J,reduction_copper_J,reduction_viscous_J,reduction_coulomb_J,change_from_nominal_percentage_points
nominal,标称,无,True,18646.368955346967,18202.24096960883,444.1279857381378,2.381847033069574,76.65880376826794,367.469181969871,1773.5828924848606,1696.9240887165927,16872.786062862106,16505.316880892235,2.6807012165619426e-10,1.675249484689445e-07,3.6172896216157824e-06,7.687368963615882e-10,68.70879893939619,67.2637058090889,56.59447347803477,56.59446979082564,20.04679434493554,3000.000000000071,3000.0000000000846,29.26293622839603,349.38761400168386,-0.02626935840726219,75.20799704356796,-8.971815455584874,-0.7324765542132354,0.0
R_high,电枢电阻升高,R: 0.8 → 1.0 Ω,True,20281.49908881039,19812.16590892232,469.3331798880681,2.314095116110063,60.28204046154406,409.05113942652315,1773.5828924848606,1713.3008520233166,18507.91619632553,18098.865056899005,4.1980596776625134e-10,1.5437906908388754e-07,3.6276705941418186e-06,8.594575007236927e-10,68.70879893939619,67.04260358497136,56.13941796007498,56.13944242448951,20.016362711312297,3000.0000000000805,3000.0000000001005,35.24198363006394,349.38761400168386,-0.0014589306190941898,94.20490907991552,-8.782832867042089,-0.7170348718225341,-0.06775191695951088
L_low,电枢电感降低,L: 0.020 → 0.014 H,True,18646.154264254794,18202.09511970261,444.05914455218226,2.381505259792129,76.37159226385234,367.68755228833106,1773.5828924848606,1697.2113002210083,16872.571371769933,16504.8838194816,5.298977923118287e-10,1.0246679604808406e-07,3.614319211919792e-06,3.541775512871936e-10,68.70879893939619,67.27057704659866,56.594457595482496,56.594447085055286,20.04609605535139,3000.00000000008,3000.00000000011,29.28419151023627,349.38761400168386,-0.035793751866179946,75.13888158276404,-8.982408077230502,-0.733340611443964,-0.00034177327744489006
J_high,转动惯量升高,J: 0.51 → 0.65 kg·m²,True,18691.908812012305,18244.275456022056,447.6333559902487,2.394797452160575,76.98020854183142,370.65314744841817,1773.5828924848606,1696.6026839430292,16918.325919527444,16547.672772079026,1.2659896020394967e-08,2.06334527241836e-09,1.625790901016444e-06,2.0494115204883203e-08,68.70879893939619,67.26383585053192,56.59441670264941,56.59440598929796,20.04622313676035,2999.999999997231,2999.999999996643,29.6095007194358,349.38761400168386,0.008610241950862019,76.30547414066223,-7.1012653061643505,-0.5765777969045303,0.01295041909100103
b_high,黏性摩擦升高,b: 0.001 → 0.0015 N·m·s/rad,True,28296.707805922535,27835.31026044178,461.39754548075507,1.6305697067140228,69.99784075229945,391.3997047284538,1773.5828924848606,1703.5850517325612,26523.124913437674,26131.72520870922,2.0796497857134e-08,1.4234292056158893e-07,8.55907637742348e-06,2.1500249545169937e-08,68.70879893939619,67.26343541692215,56.594417436338425,56.59444546609767,20.045864032604594,3000.000000001752,3000.0000000029845,33.756447437619954,349.38761400168386,0.6285306452411419,100.79254830408536,-21.961153608734094,-1.206441177570241,-0.751277326355551
Tc_high,恒定摩擦升高,Tc: 0.050 → 0.075 N·m,True,20108.12410177648,19661.071604517445,447.0524972590356,2.2232431777141266,76.54911313608022,370.50338412295605,1773.5828924848606,1697.0337793487804,18334.54120929162,17964.037825168663,3.821573058004901e-10,3.1967380309527726e-07,3.518684025038965e-06,1.3253401931478947e-09,68.70879893939619,67.26366220252228,56.59448625519554,56.59448497730054,20.04621502459578,3000.000000000128,3000.0000000001482,29.8872098018727,349.38761400168386,0.05224916650590217,78.5714312614009,-9.661055216874956,-1.1849514362279479,-0.1586038553554472
Vs_low,源电压降低,Vs: 60 → 57 V；该组初始母线电压同步,True,18657.188800740267,18264.214781293806,392.97401944646117,2.106287413626157,59.548153047691585,333.42586639876754,1741.2046220303073,1681.6564689826157,16915.984178709958,16582.55831231119,2.6467050773248957e-10,1.7203057423031964e-07,3.6488545447355136e-06,5.265798108666786e-10,68.6883053408361,67.13324539623338,53.390479846048905,53.390479124546935,20.046549117081703,3000.000000000073,3000.000000000086,29.250392415142414,296.73644832953045,0.20508344397953238,75.45022877921474,-8.01384210975084,-0.6542912398206226,-0.2755596194434169
Rs_high,源电阻升高,Rs: 0.30 → 0.45 Ω,True,18967.344866782594,18511.74581713889,455.59904964370435,2.4020180623255944,77.97806226138368,377.6209873823209,1787.5983157796277,1709.620253518244,17179.746551002965,16802.125563620644,5.371164624179414e-10,1.4339695708631695e-07,3.6285400710767135e-06,6.215270076381784e-10,68.70860169574132,67.2590008728837,54.71692856303986,54.716921689661746,20.046865396432796,3000.0000000000823,3000.0000000001,46.02188708596998,347.05844071451213,-0.12272254665373339,72.15617785752875,-8.796585789092205,-0.7181475355246221,0.020171029256020656
C_low,母线电容降低,C: 0.10 → 0.08 F,True,18680.460413529807,18205.158400731307,475.3020127985001,2.544380610952449,88.07053385159998,387.2314789468983,1795.6913848773238,1707.6208510257238,16884.76902865248,16497.537549705583,2.0217660878785182e-10,1.6391770307766507e-07,3.6094097595196217e-06,6.119298490148139e-10,68.71150457987795,67.36940544155317,56.59443024028583,56.594460562012394,20.044662316331053,3000.0000000000723,3000.0000000000805,30.954141000529603,381.14730543339357,-0.17188316939319748,73.59193461598898,-9.448141858360032,-0.7713430599433195,0.16253357788287515
friction_high,摩擦组合,b=0.0015，Tc=0.075,True,29976.18897871136,29504.46414642065,471.72483229071076,1.573665126763521,64.8602190412912,406.86461324941774,1773.5828924848606,1708.7226734435694,28202.6060862265,27795.741472977083,2.4772852658117017e-08,3.0413084273206437e-07,8.807932317722589e-06,2.373864688820504e-08,68.70879893939619,67.26339150011356,56.594436105652576,56.594423858961186,20.047279484520416,3000.0000000032574,3000.000000004631,35.39544769963845,349.38761400168386,0.9800067463355617,112.54610327098453,-24.557673026973134,-2.026666120875234,-0.8081819063060527
device_high,器件组合,Ron=0.03 Ω，Rd=0.015 Ω，Vf=0.8 V，死区=2 μs,True,18746.097490569857,18301.41820854506,444.67928202479743,2.3721165551843066,75.33300488811028,369.3462771366867,1773.5828924848606,1698.2498875967503,16972.514598084996,16603.16832094831,4.596012459501253e-10,1.8476654251031732e-07,3.467519491096027e-06,5.954670712071674e-10,68.70879893939619,67.24684847221985,56.569636435565144,56.569638178233284,20.017513936606186,3000.0000000000614,3000.0000000000805,29.53791992177503,349.38761400168386,0.29526458071194384,75.15104762313149,-8.960974478353819,-0.7315894397675038,-0.009730477885267153
combined,综合偏差,上述全部偏差同时施加,True,34770.76510048208,34261.43880449356,509.3262959885178,1.4648118743336374,58.756456928369744,450.5698390601501,1787.3602726940449,1728.603815765675,32983.404827788036,32532.834988727886,3.1716752380006596e-07,7.0520562722720115e-09,9.532399417366832e-06,6.242935878049139e-07,68.70914474746186,67.05700555724033,50.52769677812535,50.52770644178737,20.01903071587674,3000.000000000445,3000.00000001428,75.21576948644406,337.1618489305787,0.9277123400995606,114.38400444807849,-16.973292280981696,-1.389747255828297,-0.9170351587359364
