time_s,n_rpm,I_motor_A
0.000000000000000000e+00,2.864788975654116257e+03,0.000000000000000000e+00
1.000000000000000056e-01,2.861276942152192532e+03,0.000000000000000000e+00
2.000000000000000111e-01,2.857769120562817534e+03,0.000000000000000000e+00
3.000000000000000444e-01,2.854265505834728629e+03,0.000000000000000000e+00
4.000000000000000222e-01,2.850766092922719963e+03,0.000000000000000000e+00
5.000000000000000000e-01,2.847270876787635643e+03,0.000000000000000000e+00
6.000000000000000888e-01,2.843779852396363822e+03,0.000000000000000000e+00
7.000000000000000666e-01,2.840293014721829422e+03,0.000000000000000000e+00
8.000000000000000444e-01,2.836810358742984590e+03,0.000000000000000000e+00
9.000000000000000222e-01,2.833331879444805509e+03,0.000000000000000000e+00
1.000000000000000000e+00,2.829857571818280576e+03,0.000000000000000000e+00
1.100000000000000089e+00,2.826387430860405857e+03,0.000000000000000000e+00
1.200000000000000178e+00,2.822921451574178718e+03,0.000000000000000000e+00
1.300000000000000044e+00,2.819459628968588277e+03,0.000000000000000000e+00
1.400000000000000133e+00,2.816001958058608125e+03,0.000000000000000000e+00
1.500000000000000000e+00,2.812548433865192237e+03,0.000000000000000000e+00
1.600000000000000089e+00,2.809099051415265876e+03,0.000000000000000000e+00
1.700000000000000178e+00,2.805653805741717406e+03,0.000000000000000000e+00
1.800000000000000044e+00,2.802212691883391926e+03,0.000000000000000000e+00
1.900000000000000133e+00,2.798775704885084906e+03,0.000000000000000000e+00
2.000000000000000000e+00,2.795342839797534907e+03,0.000000000000000000e+00
2.100000000000000089e+00,2.791914091677415399e+03,0.000000000000000000e+00
2.200000000000000178e+00,2.788489455587328848e+03,0.000000000000000000e+00
2.300000000000000266e+00,2.785068926595798530e+03,0.000000000000000000e+00
2.400000000000000355e+00,2.781652499777261710e+03,0.000000000000000000e+00
2.500000000000000000e+00,2.778240170212063731e+03,0.000000000000000000e+00
2.600000000000000089e+00,2.774831932986449374e+03,0.000000000000000000e+00
2.700000000000000178e+00,2.771427783192555580e+03,0.000000000000000000e+00
2.800000000000000266e+00,2.768027715928406451e+03,0.000000000000000000e+00
2.900000000000000355e+00,2.764631726297905516e+03,0.000000000000000000e+00
3.000000000000000000e+00,2.761239809410826183e+03,0.000000000000000000e+00
3.100000000000000089e+00,2.757851960382807647e+03,0.000000000000000000e+00
3.200000000000000178e+00,2.754468174335347157e+03,0.000000000000000000e+00
3.300000000000000266e+00,2.751088446395791379e+03,0.000000000000000000e+00
3.400000000000000355e+00,2.747712771697332300e+03,0.000000000000000000e+00
3.500000000000000000e+00,2.744341145378997226e+03,0.000000000000000000e+00
3.600000000000000089e+00,2.740973562585644686e+03,0.000000000000000000e+00
3.700000000000000178e+00,2.737610018467953978e+03,0.000000000000000000e+00
3.800000000000000266e+00,2.734250508182420617e+03,0.000000000000000000e+00
3.900000000000000355e+00,2.730895026891349971e+03,0.000000000000000000e+00
4.000000000000000000e+00,2.727543569762848165e+03,0.000000000000000000e+00
4.100000000000000533e+00,2.724196131970816168e+03,0.000000000000000000e+00
4.200000000000000178e+00,2.720852708694943431e+03,0.000000000000000000e+00
4.299999999999999822e+00,2.717513295120700150e+03,0.000000000000000000e+00
4.400000000000000355e+00,2.714177886439328631e+03,0.000000000000000000e+00
4.500000000000000000e+00,2.710846477847841015e+03,0.000000000000000000e+00
4.600000000000000533e+00,2.707519064549008817e+03,0.000000000000000000e+00
4.700000000000000178e+00,2.704195641751354742e+03,0.000000000000000000e+00
4.800000000000000711e+00,2.700876204669150866e+03,0.000000000000000000e+00
4.900000000000000355e+00,2.697560748522406357e+03,0.000000000000000000e+00
5.000000000000000000e+00,2.694249268536865202e+03,0.000000000000000000e+00
5.100000000000000533e+00,2.690941759943993475e+03,0.000000000000000000e+00
5.200000000000000178e+00,2.687638217980979334e+03,0.000000000000000000e+00
5.300000000000000711e+00,2.684338637890721202e+03,0.000000000000000000e+00
5.400000000000000355e+00,2.681043014921824579e+03,0.000000000000000000e+00
5.500000000000000000e+00,2.677751344328590676e+03,0.000000000000000000e+00
5.600000000000000533e+00,2.674463621371013687e+03,0.000000000000000000e+00
5.700000000000000178e+00,2.671179841314771693e+03,0.000000000000000000e+00
5.800000000000000711e+00,2.667899999431220749e+03,0.000000000000000000e+00
5.900000000000000355e+00,2.664624090997388976e+03,0.000000000000000000e+00
6.000000000000000000e+00,2.661352111295966097e+03,0.000000000000000000e+00
6.100000000000000533e+00,2.658084055615302077e+03,0.000000000000000000e+00
6.200000000000000178e+00,2.654819919249394843e+03,0.000000000000000000e+00
6.300000000000000711e+00,2.651559697497888919e+03,0.000000000000000000e+00
6.400000000000000355e+00,2.648303385666064514e+03,0.000000000000000000e+00
6.500000000000000000e+00,2.645050979064830699e+03,0.000000000000000000e+00
6.600000000000000533e+00,2.641802473010721769e+03,0.000000000000000000e+00
6.700000000000000178e+00,2.638557862825889060e+03,0.000000000000000000e+00
6.800000000000000711e+00,2.635317143838092306e+03,0.000000000000000000e+00
6.900000000000000355e+00,2.632080311380697367e+03,0.000000000000000000e+00
7.000000000000000000e+00,2.628847360792663039e+03,0.000000000000000000e+00
7.100000000000000533e+00,2.625618287418540604e+03,0.000000000000000000e+00
7.200000000000000178e+00,2.622393086608464728e+03,0.000000000000000000e+00
7.300000000000000711e+00,2.619171753718144828e+03,0.000000000000000000e+00
7.400000000000000355e+00,2.615954284108860975e+03,0.000000000000000000e+00
7.500000000000000000e+00,2.612740673147456164e+03,0.000000000000000000e+00
7.600000000000000533e+00,2.609530916206330403e+03,0.000000000000000000e+00
7.700000000000000178e+00,2.606325008663433437e+03,0.000000000000000000e+00
7.800000000000000711e+00,2.603122945902257470e+03,0.000000000000000000e+00
7.900000000000000355e+00,2.599924723311831713e+03,0.000000000000000000e+00
8.000000000000000000e+00,2.596730336286715101e+03,0.000000000000000000e+00
8.099999999999999645e+00,2.593539780226989478e+03,0.000000000000000000e+00
8.200000000000001066e+00,2.590353050538253683e+03,0.000000000000000000e+00
8.300000000000000711e+00,2.587170142631616272e+03,0.000000000000000000e+00
8.400000000000000355e+00,2.583991051923689611e+03,0.000000000000000000e+00
8.500000000000000000e+00,2.580815773836583048e+03,0.000000000000000000e+00
8.599999999999999645e+00,2.577644303797894736e+03,0.000000000000000000e+00
8.700000000000001066e+00,2.574476637240707078e+03,0.000000000000000000e+00
8.800000000000000711e+00,2.571312769603580819e+03,0.000000000000000000e+00
8.900000000000000355e+00,2.568152696330545041e+03,0.000000000000000000e+00
9.000000000000000000e+00,2.564996412871093980e+03,0.000000000000000000e+00
9.099999999999999645e+00,2.561843914680178841e+03,0.000000000000000000e+00
9.200000000000001066e+00,2.558695197218202338e+03,0.000000000000000000e+00
9.300000000000000711e+00,2.555550255951009149e+03,0.000000000000000000e+00
9.400000000000000355e+00,2.552409086349885001e+03,0.000000000000000000e+00
9.500000000000000000e+00,2.549271683891543944e+03,0.000000000000000000e+00
9.600000000000001421e+00,2.546138044058126980e+03,0.000000000000000000e+00
9.700000000000001066e+00,2.543008162337191152e+03,0.000000000000000000e+00
9.800000000000000711e+00,2.539882034221707272e+03,0.000000000000000000e+00
9.900000000000000355e+00,2.536759655210049914e+03,0.000000000000000000e+00
1.000000000000000000e+01,2.533641020805992412e+03,0.000000000000000000e+00
1.010000000000000142e+01,2.530526126518700494e+03,0.000000000000000000e+00
1.020000000000000107e+01,2.527414967862726371e+03,0.000000000000000000e+00
1.030000000000000071e+01,2.524307540358001461e+03,0.000000000000000000e+00
1.040000000000000036e+01,2.521203839529828201e+03,0.000000000000000000e+00
1.050000000000000000e+01,2.518103860908878687e+03,0.000000000000000000e+00
1.060000000000000142e+01,2.515007600031181937e+03,0.000000000000000000e+00
1.070000000000000107e+01,2.511915052438121620e+03,0.000000000000000000e+00
1.080000000000000071e+01,2.508826213676429688e+03,0.000000000000000000e+00
1.090000000000000036e+01,2.505741079298177283e+03,0.000000000000000000e+00
1.100000000000000000e+01,2.502659644860769276e+03,0.000000000000000000e+00
1.110000000000000142e+01,2.499581905926941545e+03,0.000000000000000000e+00
1.120000000000000107e+01,2.496507858064747779e+03,0.000000000000000000e+00
1.130000000000000071e+01,2.493437496847560396e+03,0.000000000000000000e+00
1.140000000000000036e+01,2.490370817854056440e+03,0.000000000000000000e+00
1.150000000000000000e+01,2.487307816668218948e+03,0.000000000000000000e+00
1.160000000000000142e+01,2.484248488879325578e+03,0.000000000000000000e+00
1.170000000000000107e+01,2.481192830081943612e+03,0.000000000000000000e+00
1.180000000000000071e+01,2.478140835875924040e+03,0.000000000000000000e+00
1.190000000000000036e+01,2.475092501866394741e+03,0.000000000000000000e+00
1.200000000000000000e+01,2.472047823663754116e+03,0.000000000000000000e+00
1.210000000000000142e+01,2.469006796883664720e+03,0.000000000000000000e+00
1.220000000000000107e+01,2.465969417147047807e+03,0.000000000000000000e+00
1.230000000000000071e+01,2.462935680080076054e+03,0.000000000000000000e+00
1.240000000000000036e+01,2.459905581314166739e+03,0.000000000000000000e+00
1.250000000000000000e+01,2.456879116485978557e+03,0.000000000000000000e+00
1.260000000000000142e+01,2.453856281237401163e+03,0.000000000000000000e+00
1.270000000000000107e+01,2.450837071215550168e+03,0.000000000000000000e+00
1.280000000000000071e+01,2.447821482072763501e+03,0.000000000000000000e+00
1.290000000000000036e+01,2.444809509466592317e+03,0.000000000000000000e+00
1.300000000000000000e+01,2.441801149059795989e+03,0.000000000000000000e+00
1.310000000000000142e+01,2.438796396520333928e+03,0.000000000000000000e+00
1.320000000000000107e+01,2.435795247521362853e+03,0.000000000000000000e+00
1.330000000000000071e+01,2.432797697741227239e+03,0.000000000000000000e+00
1.340000000000000036e+01,2.429803742863454772e+03,0.000000000000000000e+00
1.350000000000000000e+01,2.426813378576750438e+03,0.000000000000000000e+00
1.360000000000000142e+01,2.423826600574988333e+03,0.000000000000000000e+00
1.370000000000000107e+01,2.420843404557208487e+03,0.000000000000000000e+00
1.380000000000000071e+01,2.417863786227607761e+03,0.000000000000000000e+00
1.390000000000000036e+01,2.414887741295535307e+03,0.000000000000000000e+00
1.400000000000000000e+01,2.411915265475485739e+03,0.000000000000000000e+00
1.410000000000000142e+01,2.408946354487093231e+03,0.000000000000000000e+00
1.420000000000000107e+01,2.405981004055126050e+03,0.000000000000000000e+00
1.430000000000000071e+01,2.403019209909477922e+03,0.000000000000000000e+00
1.440000000000000036e+01,2.400060967785166213e+03,0.000000000000000000e+00
1.450000000000000000e+01,2.397106273422321010e+03,0.000000000000000000e+00
1.460000000000000142e+01,2.394155122566182399e+03,0.000000000000000000e+00
1.470000000000000107e+01,2.391207510967091366e+03,0.000000000000000000e+00
1.480000000000000071e+01,2.388263434380488434e+03,0.000000000000000000e+00
1.490000000000000036e+01,2.385322888566900474e+03,0.000000000000000000e+00
1.500000000000000000e+01,2.382385869291943436e+03,0.000000000000000000e+00
1.510000000000000142e+01,2.379452372326308250e+03,0.000000000000000000e+00
1.520000000000000107e+01,2.376522393445758098e+03,0.000000000000000000e+00
1.530000000000000071e+01,2.373595928431123866e+03,0.000000000000000000e+00
1.540000000000000036e+01,2.370672973068294596e+03,0.000000000000000000e+00
1.550000000000000000e+01,2.367753523148214754e+03,0.000000000000000000e+00
1.560000000000000142e+01,2.364837574466875139e+03,0.000000000000000000e+00
1.570000000000000107e+01,2.361925122825310154e+03,0.000000000000000000e+00
1.580000000000000071e+01,2.359016164029588253e+03,0.000000000000000000e+00
1.590000000000000036e+01,2.356110693890808307e+03,0.000000000000000000e+00
1.600000000000000000e+01,2.353208708225092778e+03,0.000000000000000000e+00
1.610000000000000142e+01,2.350310202853582268e+03,0.000000000000000000e+00
1.619999999999999929e+01,2.347415173602427785e+03,0.000000000000000000e+00
1.630000000000000071e+01,2.344523616302787559e+03,0.000000000000000000e+00
1.640000000000000213e+01,2.341635526790817948e+03,0.000000000000000000e+00
1.650000000000000000e+01,2.338750900907669802e+03,0.000000000000000000e+00
1.660000000000000142e+01,2.335869734499481183e+03,0.000000000000000000e+00
1.669999999999999929e+01,2.332992023417372366e+03,0.000000000000000000e+00
1.680000000000000071e+01,2.330117763517438561e+03,0.000000000000000000e+00
1.690000000000000213e+01,2.327246950660745370e+03,0.000000000000000000e+00
1.700000000000000000e+01,2.324379580713321502e+03,0.000000000000000000e+00
1.710000000000000142e+01,2.321515649546152872e+03,0.000000000000000000e+00
1.719999999999999929e+01,2.318655153035179410e+03,0.000000000000000000e+00
1.730000000000000071e+01,2.315798087061285514e+03,0.000000000000000000e+00
1.740000000000000213e+01,2.312944447510295049e+03,0.000000000000000000e+00
1.750000000000000000e+01,2.310094230272967252e+03,0.000000000000000000e+00
1.760000000000000142e+01,2.307247431244988093e+03,0.000000000000000000e+00
1.769999999999999929e+01,2.304404046326967546e+03,0.000000000000000000e+00
1.780000000000000071e+01,2.301564071424429130e+03,0.000000000000000000e+00
1.790000000000000213e+01,2.298727502447809911e+03,0.000000000000000000e+00
1.800000000000000000e+01,2.295894335312450039e+03,0.000000000000000000e+00
1.810000000000000142e+01,2.293064565938587293e+03,0.000000000000000000e+00
1.819999999999999929e+01,2.290238190251354808e+03,0.000000000000000000e+00
1.830000000000000071e+01,2.287415204180769706e+03,0.000000000000000000e+00
1.840000000000000213e+01,2.284595603661731730e+03,0.000000000000000000e+00
1.850000000000000000e+01,2.281779384634016878e+03,0.000000000000000000e+00
1.860000000000000142e+01,2.278966543042267404e+03,0.000000000000000000e+00
1.869999999999999929e+01,2.276157074835992717e+03,0.000000000000000000e+00
1.880000000000000071e+01,2.273350975969557112e+03,0.000000000000000000e+00
1.890000000000000213e+01,2.270548242402177948e+03,0.000000000000000000e+00
1.900000000000000000e+01,2.267748870097917916e+03,0.000000000000000000e+00
1.910000000000000142e+01,2.264952855025682311e+03,0.000000000000000000e+00
1.920000000000000284e+01,2.262160193159206301e+03,0.000000000000000000e+00
1.930000000000000071e+01,2.259370880477058108e+03,0.000000000000000000e+00
1.940000000000000213e+01,2.256584912962626277e+03,0.000000000000000000e+00
1.950000000000000000e+01,2.253802286604117398e+03,0.000000000000000000e+00
1.960000000000000142e+01,2.251022997394548383e+03,0.000000000000000000e+00
1.970000000000000284e+01,2.248247041331743276e+03,0.000000000000000000e+00
1.980000000000000071e+01,2.245474414418324614e+03,0.000000000000000000e+00
1.990000000000000213e+01,2.242705112661708881e+03,0.000000000000000000e+00
2.000000000000000000e+01,2.239939132074100598e+03,0.000000000000000000e+00
2.010000000000000142e+01,2.237176468672488227e+03,0.000000000000000000e+00
2.020000000000000284e+01,2.234417118478635530e+03,0.000000000000000000e+00
2.030000000000000071e+01,2.231661077519077480e+03,0.000000000000000000e+00
2.040000000000000213e+01,2.228908341825115258e+03,0.000000000000000000e+00
2.050000000000000000e+01,2.226158907432808519e+03,0.000000000000000000e+00
2.060000000000000142e+01,2.223412770382971303e+03,0.000000000000000000e+00
2.070000000000000284e+01,2.220669926721166121e+03,0.000000000000000000e+00
2.080000000000000071e+01,2.217930372497697135e+03,0.000000000000000000e+00
2.090000000000000213e+01,2.215194103767606066e+03,0.000000000000000000e+00
2.100000000000000000e+01,2.212461116590665370e+03,0.000000000000000000e+00
2.110000000000000142e+01,2.209731407031373237e+03,0.000000000000000000e+00
2.120000000000000284e+01,2.207004971158947228e+03,0.000000000000000000e+00
2.130000000000000071e+01,2.204281805047319267e+03,0.000000000000000000e+00
2.140000000000000213e+01,2.201561904775129733e+03,0.000000000000000000e+00
2.150000000000000000e+01,2.198845266425721547e+03,0.000000000000000000e+00
2.160000000000000142e+01,2.196131886087135626e+03,0.000000000000000000e+00
2.170000000000000284e+01,2.193421759852103150e+03,0.000000000000000000e+00
2.180000000000000071e+01,2.190714883818041926e+03,0.000000000000000000e+00
2.190000000000000213e+01,2.188011254087050474e+03,0.000000000000000000e+00
2.200000000000000000e+01,2.185310866765900755e+03,0.000000000000000000e+00
2.210000000000000142e+01,2.182613717966035438e+03,0.000000000000000000e+00
2.220000000000000284e+01,2.179919803803559262e+03,0.000000000000000000e+00
2.230000000000000071e+01,2.177229120399235853e+03,0.000000000000000000e+00
2.240000000000000213e+01,2.174541663878479540e+03,0.000000000000000000e+00
2.250000000000000000e+01,2.171857430371353530e+03,0.000000000000000000e+00
2.260000000000000142e+01,2.169176416012560821e+03,0.000000000000000000e+00
2.270000000000000284e+01,2.166498616941440105e+03,0.000000000000000000e+00
2.280000000000000071e+01,2.163824029301960763e+03,0.000000000000000000e+00
2.290000000000000213e+01,2.161152649242715142e+03,0.000000000000000000e+00
2.300000000000000000e+01,2.158484472916916275e+03,0.000000000000000000e+00
2.310000000000000142e+01,2.155819496482389695e+03,0.000000000000000000e+00
2.320000000000000284e+01,2.153157716101569349e+03,0.000000000000000000e+00
2.330000000000000071e+01,2.150499127941489860e+03,0.000000000000000000e+00
2.340000000000000213e+01,2.147843728173784257e+03,0.000000000000000000e+00
2.350000000000000000e+01,2.145191512974676698e+03,0.000000000000000000e+00
2.360000000000000142e+01,2.142542478524977014e+03,0.000000000000000000e+00
2.370000000000000284e+01,2.139896621010074796e+03,0.000000000000000000e+00
2.380000000000000071e+01,2.137253936619934848e+03,0.000000000000000000e+00
2.390000000000000213e+01,2.134614421549091276e+03,0.000000000000000000e+00
2.400000000000000000e+01,2.131978071996641575e+03,0.000000000000000000e+00
2.410000000000000142e+01,2.129344884166242537e+03,0.000000000000000000e+00
2.420000000000000284e+01,2.126714854266102066e+03,0.000000000000000000e+00
2.430000000000000071e+01,2.124087978508978267e+03,0.000000000000000000e+00
2.440000000000000213e+01,2.121464253112168535e+03,0.000000000000000000e+00
2.450000000000000000e+01,2.118843674297508187e+03,0.000000000000000000e+00
2.460000000000000142e+01,2.116226238291363188e+03,0.000000000000000000e+00
2.470000000000000284e+01,2.113611941324625150e+03,0.000000000000000000e+00
2.480000000000000071e+01,2.111000779632706326e+03,0.000000000000000000e+00
2.490000000000000213e+01,2.108392749455532339e+03,0.000000000000000000e+00
2.500000000000000000e+01,2.105787847037540814e+03,0.000000000000000000e+00
2.510000000000000142e+01,2.103186068627670920e+03,0.000000000000000000e+00
2.520000000000000284e+01,2.100587410479361552e+03,0.000000000000000000e+00
2.530000000000000071e+01,2.097991868850544506e+03,0.000000000000000000e+00
2.540000000000000213e+01,2.095399440003639484e+03,0.000000000000000000e+00
2.550000000000000000e+01,2.092810120205547719e+03,0.000000000000000000e+00
2.560000000000000142e+01,2.090223905727649708e+03,0.000000000000000000e+00
2.570000000000000284e+01,2.087640792845795204e+03,0.000000000000000000e+00
2.580000000000000071e+01,2.085060777840300943e+03,0.000000000000000000e+00
2.590000000000000213e+01,2.082483856995945644e+03,0.000000000000000000e+00
2.600000000000000000e+01,2.079910026601962727e+03,0.000000000000000000e+00
2.610000000000000142e+01,2.077339282952034864e+03,0.000000000000000000e+00
2.620000000000000284e+01,2.074771622344292609e+03,0.000000000000000000e+00
2.630000000000000071e+01,2.072207041081303032e+03,0.000000000000000000e+00
2.640000000000000213e+01,2.069645535470068353e+03,0.000000000000000000e+00
2.650000000000000000e+01,2.067087101822021395e+03,0.000000000000000000e+00
2.660000000000000142e+01,2.064531736453016038e+03,0.000000000000000000e+00
2.670000000000000284e+01,2.061979435683325846e+03,0.000000000000000000e+00
2.680000000000000071e+01,2.059430195837638166e+03,0.000000000000000000e+00
2.690000000000000213e+01,2.056884013245046390e+03,0.000000000000000000e+00
2.700000000000000000e+01,2.054340884239047227e+03,0.000000000000000000e+00
2.710000000000000142e+01,2.051800805157534796e+03,0.000000000000000000e+00
2.720000000000000284e+01,2.049263772342794255e+03,0.000000000000000000e+00
2.730000000000000071e+01,2.046729782141498390e+03,0.000000000000000000e+00
2.740000000000000213e+01,2.044198830904700799e+03,0.000000000000000000e+00
2.750000000000000000e+01,2.041670914987831111e+03,0.000000000000000000e+00
2.760000000000000142e+01,2.039146030750689761e+03,0.000000000000000000e+00
2.770000000000000284e+01,2.036624174557443666e+03,0.000000000000000000e+00
2.780000000000000071e+01,2.034105342776618954e+03,0.000000000000000000e+00
2.790000000000000213e+01,2.031589531781097548e+03,0.000000000000000000e+00
2.800000000000000000e+01,2.029076737948111031e+03,0.000000000000000000e+00
2.810000000000000142e+01,2.026566957659236550e+03,0.000000000000000000e+00
2.820000000000000284e+01,2.024060187300388861e+03,0.000000000000000000e+00
2.830000000000000071e+01,2.021556423261819191e+03,0.000000000000000000e+00
2.840000000000000213e+01,2.019055661938106368e+03,0.000000000000000000e+00
2.850000000000000000e+01,2.016557899728154098e+03,0.000000000000000000e+00
2.860000000000000142e+01,2.014063133035184137e+03,0.000000000000000000e+00
2.870000000000000284e+01,2.011571358266731522e+03,0.000000000000000000e+00
2.880000000000000071e+01,2.009082571834641158e+03,0.000000000000000000e+00
2.890000000000000213e+01,2.006596770155059176e+03,0.000000000000000000e+00
2.900000000000000000e+01,2.004113949648431571e+03,0.000000000000000000e+00
2.910000000000000142e+01,2.001634106739496019e+03,0.000000000000000000e+00
2.920000000000000284e+01,1.999157237857277551e+03,0.000000000000000000e+00
2.930000000000000071e+01,1.996683339435086054e+03,0.000000000000000000e+00
2.940000000000000213e+01,1.994212407910506272e+03,0.000000000000000000e+00
2.950000000000000000e+01,1.991744439725396887e+03,0.000000000000000000e+00
2.960000000000000142e+01,1.989279431325883252e+03,0.000000000000000000e+00
2.970000000000000284e+01,1.986817379162352154e+03,0.000000000000000000e+00
2.980000000000000071e+01,1.984358279689448864e+03,0.000000000000000000e+00
2.990000000000000213e+01,1.981902129366069630e+03,0.000000000000000000e+00
3.000000000000000000e+01,1.979448924655357359e+03,0.000000000000000000e+00
3.010000000000000142e+01,1.976998662024696387e+03,0.000000000000000000e+00
3.020000000000000284e+01,1.974551337945709065e+03,0.000000000000000000e+00
3.030000000000000071e+01,1.972106948894247353e+03,0.000000000000000000e+00
3.040000000000000213e+01,1.969665491350391676e+03,0.000000000000000000e+00
3.050000000000000000e+01,1.967226961798441835e+03,0.000000000000000000e+00
3.060000000000000142e+01,1.964791356726915183e+03,0.000000000000000000e+00
3.070000000000000284e+01,1.962358672628539580e+03,0.000000000000000000e+00
3.080000000000000071e+01,1.959928906000250436e+03,0.000000000000000000e+00
3.090000000000000213e+01,1.957502053343182524e+03,0.000000000000000000e+00
3.100000000000000000e+01,1.955078111162668165e+03,0.000000000000000000e+00
3.110000000000000142e+01,1.952657075968229719e+03,0.000000000000000000e+00
3.120000000000000284e+01,1.950238944273576180e+03,0.000000000000000000e+00
3.130000000000000071e+01,1.947823712596597943e+03,0.000000000000000000e+00
3.140000000000000213e+01,1.945411377459360438e+03,0.000000000000000000e+00
3.150000000000000000e+01,1.943001935388101174e+03,0.000000000000000000e+00
3.160000000000000142e+01,1.940595382913222011e+03,0.000000000000000000e+00
3.170000000000000284e+01,1.938191716569288474e+03,0.000000000000000000e+00
3.180000000000000071e+01,1.935790932895019978e+03,0.000000000000000000e+00
3.190000000000000213e+01,1.933393028433287327e+03,0.000000000000000000e+00
3.200000000000000000e+01,1.930997999731108166e+03,0.000000000000000000e+00
3.210000000000000142e+01,1.928605843339640160e+03,0.000000000000000000e+00
3.220000000000000284e+01,1.926216555814178037e+03,0.000000000000000000e+00
3.230000000000000426e+01,1.923830133714147451e+03,0.000000000000000000e+00
3.239999999999999858e+01,1.921446573603100887e+03,0.000000000000000000e+00
3.250000000000000000e+01,1.919065872048709480e+03,0.000000000000000000e+00
3.260000000000000142e+01,1.916688025622764144e+03,0.000000000000000000e+00
3.270000000000000284e+01,1.914313030901164893e+03,0.000000000000000000e+00
3.280000000000000426e+01,1.911940884463919019e+03,0.000000000000000000e+00
3.289999999999999858e+01,1.909571582895136089e+03,0.000000000000000000e+00
3.300000000000000000e+01,1.907205122783020215e+03,0.000000000000000000e+00
3.310000000000000142e+01,1.904841500719868918e+03,0.000000000000000000e+00
3.320000000000000284e+01,1.902480713302066079e+03,0.000000000000000000e+00
3.330000000000000426e+01,1.900122757130077616e+03,0.000000000000000000e+00
3.339999999999999858e+01,1.897767628808445579e+03,0.000000000000000000e+00
3.350000000000000000e+01,1.895415324945785642e+03,0.000000000000000000e+00
3.360000000000000142e+01,1.893065842154778920e+03,0.000000000000000000e+00
3.370000000000000284e+01,1.890719177052170380e+03,0.000000000000000000e+00
3.380000000000000426e+01,1.888375326258762016e+03,0.000000000000000000e+00
3.389999999999999858e+01,1.886034286399407847e+03,0.000000000000000000e+00
3.400000000000000000e+01,1.883696054103010056e+03,0.000000000000000000e+00
3.410000000000000142e+01,1.881360626002513754e+03,0.000000000000000000e+00
3.420000000000000284e+01,1.879027998734902667e+03,0.000000000000000000e+00
3.430000000000000426e+01,1.876698168941192307e+03,0.000000000000000000e+00
3.439999999999999858e+01,1.874371133266428387e+03,0.000000000000000000e+00
3.450000000000000000e+01,1.872046888359677496e+03,0.000000000000000000e+00
3.460000000000000142e+01,1.869725430874028461e+03,0.000000000000000000e+00
3.470000000000000284e+01,1.867406757466580757e+03,0.000000000000000000e+00
3.480000000000000426e+01,1.865090864798444500e+03,0.000000000000000000e+00
3.489999999999999858e+01,1.862777749534734312e+03,0.000000000000000000e+00
3.500000000000000000e+01,1.860467408344563637e+03,0.000000000000000000e+00
3.510000000000000142e+01,1.858159837901040873e+03,0.000000000000000000e+00
3.520000000000000284e+01,1.855855034881263464e+03,0.000000000000000000e+00
3.530000000000000426e+01,1.853552995966315393e+03,0.000000000000000000e+00
3.539999999999999858e+01,1.851253717841260368e+03,0.000000000000000000e+00
3.550000000000000000e+01,1.848957197195137041e+03,0.000000000000000000e+00
3.560000000000000142e+01,1.846663430720954921e+03,0.000000000000000000e+00
3.570000000000000284e+01,1.844372415115690501e+03,0.000000000000000000e+00
3.580000000000000426e+01,1.842084147080281127e+03,0.000000000000000000e+00
3.589999999999999858e+01,1.839798623319619992e+03,0.000000000000000000e+00
3.600000000000000000e+01,1.837515840542552723e+03,0.000000000000000000e+00
3.610000000000000142e+01,1.835235795461871248e+03,0.000000000000000000e+00
3.620000000000000284e+01,1.832958484794310380e+03,0.000000000000000000e+00
3.630000000000000426e+01,1.830683905260543042e+03,0.000000000000000000e+00
3.639999999999999858e+01,1.828412053585173908e+03,0.000000000000000000e+00
3.650000000000000000e+01,1.826142926496735754e+03,0.000000000000000000e+00
3.660000000000000142e+01,1.823876520727685602e+03,0.000000000000000000e+00
3.670000000000000284e+01,1.821612833014399030e+03,0.000000000000000000e+00
3.680000000000000426e+01,1.819351860097164490e+03,0.000000000000000000e+00
3.689999999999999858e+01,1.817093598720181490e+03,0.000000000000000000e+00
3.700000000000000000e+01,1.814838045631552632e+03,0.000000000000000000e+00
3.710000000000000142e+01,1.812585197583281342e+03,0.000000000000000000e+00
3.720000000000000284e+01,1.810335051331265959e+03,0.000000000000000000e+00
3.730000000000000426e+01,1.808087603635295636e+03,0.000000000000000000e+00
3.739999999999999858e+01,1.805842851259045119e+03,0.000000000000000000e+00
3.750000000000000000e+01,1.803600790970071102e+03,0.000000000000000000e+00
3.760000000000000142e+01,1.801361419539805638e+03,0.000000000000000000e+00
3.770000000000000284e+01,1.799124733743553406e+03,0.000000000000000000e+00
3.780000000000000426e+01,1.796890730360487396e+03,0.000000000000000000e+00
3.789999999999999858e+01,1.794659406173642083e+03,0.000000000000000000e+00
3.800000000000000000e+01,1.792430757969909109e+03,0.000000000000000000e+00
3.810000000000000142e+01,1.790204782540036149e+03,0.000000000000000000e+00
3.820000000000000284e+01,1.787981476678617582e+03,0.000000000000000000e+00
3.830000000000000426e+01,1.785760837184092452e+03,0.000000000000000000e+00
3.840000000000000568e+01,1.783542860858739914e+03,0.000000000000000000e+00
3.850000000000000000e+01,1.781327544508673327e+03,0.000000000000000000e+00
3.860000000000000142e+01,1.779114884943836842e+03,0.000000000000000000e+00
3.870000000000000284e+01,1.776904878978000397e+03,0.000000000000000000e+00
3.880000000000000426e+01,1.774697523428754948e+03,0.000000000000000000e+00
3.890000000000000568e+01,1.772492815117507917e+03,0.000000000000000000e+00
3.900000000000000000e+01,1.770290750869479780e+03,0.000000000000000000e+00
3.910000000000000142e+01,1.768091327513696569e+03,0.000000000000000000e+00
3.920000000000000284e+01,1.765894541882988278e+03,0.000000000000000000e+00
3.930000000000000426e+01,1.763700390813983859e+03,0.000000000000000000e+00
3.940000000000000568e+01,1.761508871147105538e+03,0.000000000000000000e+00
3.950000000000000000e+01,1.759319979726564270e+03,0.000000000000000000e+00
3.960000000000000142e+01,1.757133713400356328e+03,0.000000000000000000e+00
3.970000000000000284e+01,1.754950069020257160e+03,0.000000000000000000e+00
3.980000000000000426e+01,1.752769043441818440e+03,0.000000000000000000e+00
3.990000000000000568e+01,1.750590633524364193e+03,0.000000000000000000e+00
4.000000000000000000e+01,1.748414836130982394e+03,0.000000000000000000e+00
4.010000000000000142e+01,1.746241648128524957e+03,0.000000000000000000e+00
4.020000000000000284e+01,1.744071066387600922e+03,0.000000000000000000e+00
4.030000000000000426e+01,1.741903087782572129e+03,0.000000000000000000e+00
4.040000000000000568e+01,1.739737709191549129e+03,0.000000000000000000e+00
4.050000000000000000e+01,1.737574927496386181e+03,0.000000000000000000e+00
4.060000000000000142e+01,1.735414739582676930e+03,0.000000000000000000e+00
4.070000000000000284e+01,1.733257142339751226e+03,0.000000000000000000e+00
4.080000000000000426e+01,1.731102132660668076e+03,0.000000000000000000e+00
4.090000000000000568e+01,1.728949707442213139e+03,0.000000000000000000e+00
4.100000000000000000e+01,1.726799863584894410e+03,0.000000000000000000e+00
4.110000000000000142e+01,1.724652597992935398e+03,0.000000000000000000e+00
4.120000000000000284e+01,1.722507907574273531e+03,0.000000000000000000e+00
4.130000000000000426e+01,1.720365789240554705e+03,0.000000000000000000e+00
4.140000000000000568e+01,1.718226239907128047e+03,0.000000000000000000e+00
4.150000000000000000e+01,1.716089256493041830e+03,0.000000000000000000e+00
4.160000000000000142e+01,1.713954835921039603e+03,0.000000000000000000e+00
4.170000000000000284e+01,1.711822975117555643e+03,0.000000000000000000e+00
4.180000000000000426e+01,1.709693671012709956e+03,0.000000000000000000e+00
4.190000000000000568e+01,1.707566920540303954e+03,0.000000000000000000e+00
4.200000000000000000e+01,1.705442720637817047e+03,0.000000000000000000e+00
4.210000000000000142e+01,1.703321068246400273e+03,0.000000000000000000e+00
4.220000000000000284e+01,1.701201960310875165e+03,0.000000000000000000e+00
4.230000000000000426e+01,1.699085393779724200e+03,0.000000000000000000e+00
4.240000000000000568e+01,1.696971365605093297e+03,0.000000000000000000e+00
4.250000000000000000e+01,1.694859872742779316e+03,0.000000000000000000e+00
4.260000000000000142e+01,1.692750912152233468e+03,0.000000000000000000e+00
4.270000000000000284e+01,1.690644480796551761e+03,0.000000000000000000e+00
4.280000000000000426e+01,1.688540575642472731e+03,0.000000000000000000e+00
4.290000000000000568e+01,1.686439193660372894e+03,0.000000000000000000e+00
4.300000000000000000e+01,1.684340331824261284e+03,0.000000000000000000e+00
4.310000000000000142e+01,1.682243987111776960e+03,0.000000000000000000e+00
4.320000000000000284e+01,1.680150156504183087e+03,0.000000000000000000e+00
4.330000000000000426e+01,1.678058836986363076e+03,0.000000000000000000e+00
4.340000000000000568e+01,1.675970025546816260e+03,0.000000000000000000e+00
4.350000000000000000e+01,1.673883719177654484e+03,0.000000000000000000e+00
4.360000000000000142e+01,1.671799914874595515e+03,0.000000000000000000e+00
4.370000000000000284e+01,1.669718609636960991e+03,0.000000000000000000e+00
4.380000000000000426e+01,1.667639800467671193e+03,0.000000000000000000e+00
4.390000000000000568e+01,1.665563484373240271e+03,0.000000000000000000e+00
4.400000000000000000e+01,1.663489658363773287e+03,0.000000000000000000e+00
4.410000000000000142e+01,1.661418319452959850e+03,0.000000000000000000e+00
4.420000000000000284e+01,1.659349464658071156e+03,0.000000000000000000e+00
4.430000000000000426e+01,1.657283090999957494e+03,0.000000000000000000e+00
4.440000000000000568e+01,1.655219195503038918e+03,0.000000000000000000e+00
4.450000000000000000e+01,1.653157775195306385e+03,0.000000000000000000e+00
4.460000000000000142e+01,1.651098827108314026e+03,0.000000000000000000e+00
4.470000000000000284e+01,1.649042348277175734e+03,0.000000000000000000e+00
4.480000000000000426e+01,1.646988335740562889e+03,0.000000000000000000e+00
4.490000000000000568e+01,1.644936786540695493e+03,0.000000000000000000e+00
4.500000000000000000e+01,1.642887697723343763e+03,0.000000000000000000e+00
4.510000000000000142e+01,1.640841066337818802e+03,0.000000000000000000e+00
4.520000000000000284e+01,1.638796889436970787e+03,0.000000000000000000e+00
4.530000000000000426e+01,1.636755164077185100e+03,0.000000000000000000e+00
4.540000000000000568e+01,1.634715887318376645e+03,0.000000000000000000e+00
4.550000000000000000e+01,1.632679056223987573e+03,0.000000000000000000e+00
4.560000000000000142e+01,1.630644667860978871e+03,0.000000000000000000e+00
4.570000000000000284e+01,1.628612719299831952e+03,0.000000000000000000e+00
4.580000000000000426e+01,1.626583207614540697e+03,0.000000000000000000e+00
4.590000000000000568e+01,1.624556129882607593e+03,0.000000000000000000e+00
4.600000000000000000e+01,1.622531483185040315e+03,0.000000000000000000e+00
4.610000000000000142e+01,1.620509264606347870e+03,0.000000000000000000e+00
4.620000000000000284e+01,1.618489471234534449e+03,0.000000000000000000e+00
4.630000000000000426e+01,1.616472100161097160e+03,0.000000000000000000e+00
4.640000000000000568e+01,1.614457148481022159e+03,0.000000000000000000e+00
4.650000000000000000e+01,1.612444613292778058e+03,0.000000000000000000e+00
4.660000000000000142e+01,1.610434491698313877e+03,0.000000000000000000e+00
4.670000000000000284e+01,1.608426780803054271e+03,0.000000000000000000e+00
4.680000000000000426e+01,1.606421477715895207e+03,0.000000000000000000e+00
4.690000000000000568e+01,1.604418579549199649e+03,0.000000000000000000e+00
4.700000000000000000e+01,1.602418083418794595e+03,0.000000000000000000e+00
4.710000000000000142e+01,1.600419986443964262e+03,0.000000000000000000e+00
4.720000000000000284e+01,1.598424285747449630e+03,0.000000000000000000e+00
4.730000000000000426e+01,1.596430978455440254e+03,0.000000000000000000e+00
4.740000000000000568e+01,1.594440061697574492e+03,0.000000000000000000e+00
4.750000000000000000e+01,1.592451532606931096e+03,0.000000000000000000e+00
4.760000000000000142e+01,1.590465388320028296e+03,0.000000000000000000e+00
4.770000000000000284e+01,1.588481625976817440e+03,0.000000000000000000e+00
4.780000000000000426e+01,1.586500242720680490e+03,0.000000000000000000e+00
4.790000000000000568e+01,1.584521235698425926e+03,0.000000000000000000e+00
4.800000000000000000e+01,1.582544602060282841e+03,0.000000000000000000e+00
4.810000000000000142e+01,1.580570338959897981e+03,0.000000000000000000e+00
4.820000000000000284e+01,1.578598443554332562e+03,0.000000000000000000e+00
4.830000000000000426e+01,1.576628913004057267e+03,0.000000000000000000e+00
4.840000000000000568e+01,1.574661744472947248e+03,0.000000000000000000e+00
4.850000000000000000e+01,1.572696935128279847e+03,0.000000000000000000e+00
4.860000000000000142e+01,1.570734482140728460e+03,0.000000000000000000e+00
4.870000000000000284e+01,1.568774382684361171e+03,0.000000000000000000e+00
4.880000000000000426e+01,1.566816633936634389e+03,0.000000000000000000e+00
4.890000000000000568e+01,1.564861233078389205e+03,0.000000000000000000e+00
4.900000000000000000e+01,1.562908177293848667e+03,0.000000000000000000e+00
4.910000000000000142e+01,1.560957463770611412e+03,0.000000000000000000e+00
4.920000000000000284e+01,1.559009089699649849e+03,0.000000000000000000e+00
4.930000000000000426e+01,1.557063052275305154e+03,0.000000000000000000e+00
4.940000000000000568e+01,1.555119348695283406e+03,0.000000000000000000e+00
4.950000000000000000e+01,1.553177976160650587e+03,0.000000000000000000e+00
4.960000000000000142e+01,1.551238931875829849e+03,0.000000000000000000e+00
4.970000000000000284e+01,1.549302213048597423e+03,0.000000000000000000e+00
4.980000000000000426e+01,1.547367816890077165e+03,0.000000000000000000e+00
4.990000000000000568e+01,1.545435740614739416e+03,0.000000000000000000e+00
5.000000000000000000e+01,1.543505981440393271e+03,0.000000000000000000e+00
5.010000000000000142e+01,1.541578536588185443e+03,0.000000000000000000e+00
5.020000000000000284e+01,1.539653403282595036e+03,0.000000000000000000e+00
5.030000000000000426e+01,1.537730578751429221e+03,0.000000000000000000e+00
5.040000000000000568e+01,1.535810060225821189e+03,0.000000000000000000e+00
5.050000000000000000e+01,1.533891844940223336e+03,0.000000000000000000e+00
5.060000000000000142e+01,1.531975930132405210e+03,0.000000000000000000e+00
5.070000000000000284e+01,1.530062313043449876e+03,0.000000000000000000e+00
5.080000000000000426e+01,1.528150990917747549e+03,0.000000000000000000e+00
5.090000000000000568e+01,1.526241961002994458e+03,0.000000000000000000e+00
5.100000000000000000e+01,1.524335220550187387e+03,0.000000000000000000e+00
5.110000000000000142e+01,1.522430766813619357e+03,0.000000000000000000e+00
5.120000000000000284e+01,1.520528597050877124e+03,0.000000000000000000e+00
5.130000000000000426e+01,1.518628708522835268e+03,0.000000000000000000e+00
5.140000000000000568e+01,1.516731098493654372e+03,0.000000000000000000e+00
5.150000000000000000e+01,1.514835764230775794e+03,0.000000000000000000e+00
5.160000000000000142e+01,1.512942703004917348e+03,0.000000000000000000e+00
5.170000000000000284e+01,1.511051912090071255e+03,0.000000000000000000e+00
5.180000000000000426e+01,1.509163388763497778e+03,0.000000000000000000e+00
5.190000000000000568e+01,1.507277130305723176e+03,0.000000000000000000e+00
5.200000000000000000e+01,1.505393134000534928e+03,0.000000000000000000e+00
5.210000000000000142e+01,1.503511397134978324e+03,0.000000000000000000e+00
5.220000000000000284e+01,1.501631916999351006e+03,0.000000000000000000e+00
5.230000000000000426e+01,1.499754690887202059e+03,0.000000000000000000e+00
5.240000000000000568e+01,1.497879716095325421e+03,0.000000000000000000e+00
5.250000000000000000e+01,1.496006989923757146e+03,0.000000000000000000e+00
5.260000000000000142e+01,1.494136509675770640e+03,0.000000000000000000e+00
5.270000000000000284e+01,1.492268272657874832e+03,0.000000000000000000e+00
5.280000000000000426e+01,1.490402276179807586e+03,0.000000000000000000e+00
5.290000000000000568e+01,1.488538517554534110e+03,0.000000000000000000e+00
5.300000000000000000e+01,1.486676994098241039e+03,0.000000000000000000e+00
5.310000000000000142e+01,1.484817703130334621e+03,0.000000000000000000e+00
5.320000000000000284e+01,1.482960641973435486e+03,0.000000000000000000e+00
5.330000000000000426e+01,1.481105807953375688e+03,0.000000000000000000e+00
5.340000000000000568e+01,1.479253198399193252e+03,0.000000000000000000e+00
5.350000000000000000e+01,1.477402810643130351e+03,0.000000000000000000e+00
5.360000000000000142e+01,1.475554642020628080e+03,0.000000000000000000e+00
5.370000000000000284e+01,1.473708689870323724e+03,0.000000000000000000e+00
5.380000000000000426e+01,1.471864951534045304e+03,0.000000000000000000e+00
5.390000000000000568e+01,1.470023424356809983e+03,0.000000000000000000e+00
5.400000000000000000e+01,1.468184105686817929e+03,0.000000000000000000e+00
5.410000000000000142e+01,1.466346992875450042e+03,0.000000000000000000e+00
5.420000000000000284e+01,1.464512083277263628e+03,0.000000000000000000e+00
5.430000000000000426e+01,1.462679374249987859e+03,0.000000000000000000e+00
5.440000000000000568e+01,1.460848863154522633e+03,0.000000000000000000e+00
5.450000000000000000e+01,1.459020547354930841e+03,0.000000000000000000e+00
5.460000000000000142e+01,1.457194424218437462e+03,0.000000000000000000e+00
5.470000000000000284e+01,1.455370491115424784e+03,0.000000000000000000e+00
5.480000000000000426e+01,1.453548745419429224e+03,0.000000000000000000e+00
5.490000000000000568e+01,1.451729184507136551e+03,0.000000000000000000e+00
5.500000000000000000e+01,1.449911805758378478e+03,0.000000000000000000e+00
5.510000000000000142e+01,1.448096606556129700e+03,0.000000000000000000e+00
5.520000000000000284e+01,1.446283584286502446e+03,0.000000000000000000e+00
5.530000000000000426e+01,1.444472736338745108e+03,0.000000000000000000e+00
5.540000000000000568e+01,1.442664060105236103e+03,0.000000000000000000e+00
5.550000000000000000e+01,1.440857552981480467e+03,0.000000000000000000e+00
5.560000000000000142e+01,1.439053212366108710e+03,0.000000000000000000e+00
5.570000000000000284e+01,1.437251035660870002e+03,0.000000000000000000e+00
5.580000000000000426e+01,1.435451020270628305e+03,0.000000000000000000e+00
5.590000000000000568e+01,1.433653163603362827e+03,0.000000000000000000e+00
5.600000000000000000e+01,1.431857463070158701e+03,0.000000000000000000e+00
5.610000000000000142e+01,1.430063916085206984e+03,0.000000000000000000e+00
5.620000000000000284e+01,1.428272520065799654e+03,0.000000000000000000e+00
5.630000000000000426e+01,1.426483272432326430e+03,0.000000000000000000e+00
5.640000000000000568e+01,1.424696170608270222e+03,0.000000000000000000e+00
5.650000000000000000e+01,1.422911212020203948e+03,0.000000000000000000e+00
5.660000000000000142e+01,1.421128394097787350e+03,0.000000000000000000e+00
5.670000000000000284e+01,1.419347714273761767e+03,0.000000000000000000e+00
5.680000000000000426e+01,1.417569169983948314e+03,0.000000000000000000e+00
5.690000000000000568e+01,1.415792758667242879e+03,0.000000000000000000e+00
5.700000000000000000e+01,1.414018477765612715e+03,0.000000000000000000e+00
5.710000000000000142e+01,1.412246324724093256e+03,0.000000000000000000e+00
5.720000000000000284e+01,1.410476296990783567e+03,0.000000000000000000e+00
5.730000000000000426e+01,1.408708392016843391e+03,0.000000000000000000e+00
5.740000000000000568e+01,1.406942607256489282e+03,0.000000000000000000e+00
5.750000000000000000e+01,1.405178940166991424e+03,0.000000000000000000e+00
5.760000000000000142e+01,1.403417388208668172e+03,0.000000000000000000e+00
5.770000000000000284e+01,1.401657948844884686e+03,0.000000000000000000e+00
5.780000000000000426e+01,1.399900619542047707e+03,0.000000000000000000e+00
5.790000000000000568e+01,1.398145397769602823e+03,0.000000000000000000e+00
5.800000000000000000e+01,1.396392281000031062e+03,0.000000000000000000e+00
5.810000000000000142e+01,1.394641266708843432e+03,0.000000000000000000e+00
5.820000000000000284e+01,1.392892352374579559e+03,0.000000000000000000e+00
5.830000000000000426e+01,1.391145535478800866e+03,0.000000000000000000e+00
5.840000000000000568e+01,1.389400813506092618e+03,0.000000000000000000e+00
5.850000000000000000e+01,1.387658183944053690e+03,0.000000000000000000e+00
5.860000000000000142e+01,1.385917644283298387e+03,0.000000000000000000e+00
5.870000000000000284e+01,1.384179192017448031e+03,0.000000000000000000e+00
5.880000000000000426e+01,1.382442824643131644e+03,0.000000000000000000e+00
5.890000000000000568e+01,1.380708539659979579e+03,0.000000000000000000e+00
5.900000000000000000e+01,1.378976334570621930e+03,0.000000000000000000e+00
5.910000000000000142e+01,1.377246206880682394e+03,0.000000000000000000e+00
5.920000000000000284e+01,1.375518154098776904e+03,0.000000000000000000e+00
5.930000000000000426e+01,1.373792173736509085e+03,0.000000000000000000e+00
5.940000000000000568e+01,1.372068263308467067e+03,0.000000000000000000e+00
5.950000000000000000e+01,1.370346420332219850e+03,0.000000000000000000e+00
5.960000000000000142e+01,1.368626642328312982e+03,0.000000000000000000e+00
5.970000000000000284e+01,1.366908926820265833e+03,0.000000000000000000e+00
5.980000000000000426e+01,1.365193271334567271e+03,0.000000000000000000e+00
5.990000000000000568e+01,1.363479673400673619e+03,0.000000000000000000e+00
6.000000000000000000e+01,1.361768130551003878e+03,0.000000000000000000e+00
6.010000000000000142e+01,1.360058640320935410e+03,0.000000000000000000e+00
6.020000000000000284e+01,1.358351200248802115e+03,0.000000000000000000e+00
6.030000000000000426e+01,1.356645807875890569e+03,0.000000000000000000e+00
6.040000000000000568e+01,1.354942460746434335e+03,0.000000000000000000e+00
6.050000000000000000e+01,1.353241156407614426e+03,0.000000000000000000e+00
6.060000000000000142e+01,1.351541892409551338e+03,0.000000000000000000e+00
6.070000000000000284e+01,1.349844666305305509e+03,0.000000000000000000e+00
6.080000000000000426e+01,1.348149475650870727e+03,0.000000000000000000e+00
6.090000000000000568e+01,1.346456318005171852e+03,0.000000000000000000e+00
6.100000000000000000e+01,1.344765190930062090e+03,0.000000000000000000e+00
6.110000000000000142e+01,1.343076091990317309e+03,0.000000000000000000e+00
6.120000000000000284e+01,1.341389018753635810e+03,0.000000000000000000e+00
6.130000000000000426e+01,1.339703968790631052e+03,0.000000000000000000e+00
6.140000000000000568e+01,1.338020939674830970e+03,0.000000000000000000e+00
6.150000000000000000e+01,1.336339928982673882e+03,0.000000000000000000e+00
6.160000000000000142e+01,1.334660934293503260e+03,0.000000000000000000e+00
6.170000000000000284e+01,1.332983953189567274e+03,0.000000000000000000e+00
6.180000000000000426e+01,1.331308983256011970e+03,0.000000000000000000e+00
6.190000000000000568e+01,1.329636022080881048e+03,0.000000000000000000e+00
6.200000000000000000e+01,1.327965067255110171e+03,0.000000000000000000e+00
6.210000000000000142e+01,1.326296116372523102e+03,0.000000000000000000e+00
6.220000000000000284e+01,1.324629167029831933e+03,0.000000000000000000e+00
6.230000000000000426e+01,1.322964216826627762e+03,0.000000000000000000e+00
6.240000000000000568e+01,1.321301263365382965e+03,0.000000000000000000e+00
6.250000000000000000e+01,1.319640304251443922e+03,0.000000000000000000e+00
6.260000000000000142e+01,1.317981337093029424e+03,0.000000000000000000e+00
6.270000000000000284e+01,1.316324359501225899e+03,0.000000000000000000e+00
6.280000000000000426e+01,1.314669369089985821e+03,0.000000000000000000e+00
6.290000000000000568e+01,1.313016363476122478e+03,0.000000000000000000e+00
6.300000000000000000e+01,1.311365340279308157e+03,0.000000000000000000e+00
6.310000000000000142e+01,1.309716297122068681e+03,0.000000000000000000e+00
6.320000000000000284e+01,1.308069231629781143e+03,0.000000000000000000e+00
6.330000000000000426e+01,1.306424141430671398e+03,0.000000000000000000e+00
6.340000000000000568e+01,1.304781024155809746e+03,0.000000000000000000e+00
6.350000000000000000e+01,1.303139877439106158e+03,0.000000000000000000e+00
6.360000000000000142e+01,1.301500698917309592e+03,0.000000000000000000e+00
6.370000000000000284e+01,1.299863486230002536e+03,0.000000000000000000e+00
6.380000000000000426e+01,1.298228237019598510e+03,0.000000000000000000e+00
6.390000000000000568e+01,1.296594948931338422e+03,0.000000000000000000e+00
6.400000000000000000e+01,1.294963619613286937e+03,0.000000000000000000e+00
6.410000000000000853e+01,1.293334246716329744e+03,0.000000000000000000e+00
6.420000000000000284e+01,1.291706827894169692e+03,0.000000000000000000e+00
6.429999999999999716e+01,1.290081360803323605e+03,0.000000000000000000e+00
6.440000000000000568e+01,1.288457843103117511e+03,0.000000000000000000e+00
6.450000000000000000e+01,1.286836272455686640e+03,0.000000000000000000e+00
6.460000000000000853e+01,1.285216646525968144e+03,0.000000000000000000e+00
6.470000000000000284e+01,1.283598962981701789e+03,0.000000000000000000e+00
6.479999999999999716e+01,1.281983219493421757e+03,0.000000000000000000e+00
6.490000000000000568e+01,1.280369413734457567e+03,0.000000000000000000e+00
6.500000000000000000e+01,1.278757543380928610e+03,0.000000000000000000e+00
6.510000000000000853e+01,1.277147606111741425e+03,0.000000000000000000e+00
6.520000000000000284e+01,1.275539599608586059e+03,0.000000000000000000e+00
6.529999999999999716e+01,1.273933521555932430e+03,0.000000000000000000e+00
6.540000000000000568e+01,1.272329369641028507e+03,0.000000000000000000e+00
6.550000000000000000e+01,1.270727141553894626e+03,0.000000000000000000e+00
6.560000000000000853e+01,1.269126834987322582e+03,0.000000000000000000e+00
6.570000000000000284e+01,1.267528447636870396e+03,0.000000000000000000e+00
6.579999999999999716e+01,1.265931977200860274e+03,0.000000000000000000e+00
6.590000000000000568e+01,1.264337421380374053e+03,0.000000000000000000e+00
6.600000000000000000e+01,1.262744777879251387e+03,0.000000000000000000e+00
6.610000000000000853e+01,1.261154044404085198e+03,0.000000000000000000e+00
6.620000000000000284e+01,1.259565218664218946e+03,0.000000000000000000e+00
6.629999999999999716e+01,1.257978298371744131e+03,0.000000000000000000e+00
6.640000000000000568e+01,1.256393281241494151e+03,0.000000000000000000e+00
6.650000000000000000e+01,1.254810164991044530e+03,0.000000000000000000e+00
6.660000000000000853e+01,1.253228947340707009e+03,0.000000000000000000e+00
6.670000000000000284e+01,1.251649626013529314e+03,0.000000000000000000e+00
6.679999999999999716e+01,1.250072198735287202e+03,0.000000000000000000e+00
6.690000000000000568e+01,1.248496663234485368e+03,0.000000000000000000e+00
6.700000000000000000e+01,1.246923017242352671e+03,0.000000000000000000e+00
6.710000000000000853e+01,1.245351258492838497e+03,0.000000000000000000e+00
6.720000000000000284e+01,1.243781384722610255e+03,0.000000000000000000e+00
6.729999999999999716e+01,1.242213393671048834e+03,0.000000000000000000e+00
6.740000000000000568e+01,1.240647283080247007e+03,0.000000000000000000e+00
6.750000000000000000e+01,1.239083050695005568e+03,0.000000000000000000e+00
6.760000000000000853e+01,1.237520694262829238e+03,0.000000000000000000e+00
6.770000000000000284e+01,1.235960211533925303e+03,0.000000000000000000e+00
6.779999999999999716e+01,1.234401600261197700e+03,0.000000000000000000e+00
6.790000000000000568e+01,1.232844858200245426e+03,0.000000000000000000e+00
6.800000000000000000e+01,1.231289983109360719e+03,0.000000000000000000e+00
6.810000000000000853e+01,1.229736972749522465e+03,0.000000000000000000e+00
6.820000000000000284e+01,1.228185824884395970e+03,0.000000000000000000e+00
6.829999999999999716e+01,1.226636537280327275e+03,0.000000000000000000e+00
6.840000000000000568e+01,1.225089107706342475e+03,0.000000000000000000e+00
6.850000000000000000e+01,1.223543533934143170e+03,0.000000000000000000e+00
6.860000000000000853e+01,1.221999813738101921e+03,0.000000000000000000e+00
6.870000000000000284e+01,1.220457944895262244e+03,0.000000000000000000e+00
6.879999999999999716e+01,1.218917925185332024e+03,0.000000000000000000e+00
6.890000000000000568e+01,1.217379752390683052e+03,0.000000000000000000e+00
6.900000000000000000e+01,1.215843424296346029e+03,0.000000000000000000e+00
6.910000000000000853e+01,1.214308938690008290e+03,0.000000000000000000e+00
6.920000000000000284e+01,1.212776293362010620e+03,0.000000000000000000e+00
6.929999999999999716e+01,1.211245486105342934e+03,0.000000000000000000e+00
6.940000000000000568e+01,1.209716514715642688e+03,0.000000000000000000e+00
6.950000000000000000e+01,1.208189376991191239e+03,0.000000000000000000e+00
6.960000000000000853e+01,1.206664070732908840e+03,0.000000000000000000e+00
6.970000000000000284e+01,1.205140593744356011e+03,0.000000000000000000e+00
6.979999999999999716e+01,1.203618943831724209e+03,0.000000000000000000e+00
6.990000000000000568e+01,1.202099118803837655e+03,0.000000000000000000e+00
7.000000000000000000e+01,1.200581116472148551e+03,0.000000000000000000e+00
7.010000000000000853e+01,1.199064934650732084e+03,0.000000000000000000e+00
7.020000000000000284e+01,1.197550571156287788e+03,0.000000000000000000e+00
7.029999999999999716e+01,1.196038023808130674e+03,0.000000000000000000e+00
7.040000000000000568e+01,1.194527290428192600e+03,0.000000000000000000e+00
7.050000000000000000e+01,1.193018368841017718e+03,0.000000000000000000e+00
7.060000000000000853e+01,1.191511256873757929e+03,0.000000000000000000e+00
7.070000000000000284e+01,1.190005952356172429e+03,0.000000000000000000e+00
7.079999999999999716e+01,1.188502453120622249e+03,0.000000000000000000e+00
7.090000000000000568e+01,1.187000757002067985e+03,0.000000000000000000e+00
7.100000000000000000e+01,1.185500861838067294e+03,0.000000000000000000e+00
7.110000000000000853e+01,1.184002765468770576e+03,0.000000000000000000e+00
7.120000000000000284e+01,1.182506465736919154e+03,0.000000000000000000e+00
7.129999999999999716e+01,1.181011960487840724e+03,0.000000000000000000e+00
7.140000000000000568e+01,1.179519247569447771e+03,0.000000000000000000e+00
7.150000000000000000e+01,1.178028324832233466e+03,0.000000000000000000e+00
7.160000000000000853e+01,1.176539190129268491e+03,0.000000000000000000e+00
7.170000000000000284e+01,1.175051841316198988e+03,0.000000000000000000e+00
7.179999999999999716e+01,1.173566276251242243e+03,0.000000000000000000e+00
7.190000000000000568e+01,1.172082492795184180e+03,0.000000000000000000e+00
7.200000000000000000e+01,1.170600488811376636e+03,0.000000000000000000e+00
7.210000000000000853e+01,1.169120262165733266e+03,0.000000000000000000e+00
7.220000000000000284e+01,1.167641810726727954e+03,0.000000000000000000e+00
7.229999999999999716e+01,1.166165132365390036e+03,0.000000000000000000e+00
7.240000000000000568e+01,1.164690224955302483e+03,0.000000000000000000e+00
7.250000000000000000e+01,1.163217086372598487e+03,0.000000000000000000e+00
7.260000000000000853e+01,1.161745714495957372e+03,0.000000000000000000e+00
7.270000000000000284e+01,1.160276107206604820e+03,0.000000000000000000e+00
7.279999999999999716e+01,1.158808262388305366e+03,0.000000000000000000e+00
7.290000000000000568e+01,1.157342177927361718e+03,0.000000000000000000e+00
7.300000000000000000e+01,1.155877851712612710e+03,0.000000000000000000e+00
7.310000000000000853e+01,1.154415281635428073e+03,0.000000000000000000e+00
7.320000000000000284e+01,1.152954465589707297e+03,0.000000000000000000e+00
7.329999999999999716e+01,1.151495401471873947e+03,0.000000000000000000e+00
7.340000000000000568e+01,1.150038087180875436e+03,0.000000000000000000e+00
7.350000000000000000e+01,1.148582520618180070e+03,0.000000000000000000e+00
7.360000000000000853e+01,1.147128699687770677e+03,0.000000000000000000e+00
7.370000000000000284e+01,1.145676622296145524e+03,0.000000000000000000e+00
7.379999999999999716e+01,1.144226286352313082e+03,0.000000000000000000e+00
7.390000000000000568e+01,1.142777689767788388e+03,0.000000000000000000e+00
7.400000000000000000e+01,1.141330830456592594e+03,0.000000000000000000e+00
7.410000000000000853e+01,1.139885706335248187e+03,0.000000000000000000e+00
7.420000000000000284e+01,1.138442315322776267e+03,0.000000000000000000e+00
7.429999999999999716e+01,1.137000655340693356e+03,0.000000000000000000e+00
7.440000000000000568e+01,1.135560724313008677e+03,0.000000000000000000e+00
7.450000000000000000e+01,1.134122520166221648e+03,0.000000000000000000e+00
7.460000000000000853e+01,1.132686040829317562e+03,0.000000000000000000e+00
7.470000000000000284e+01,1.131251284233766228e+03,0.000000000000000000e+00
7.479999999999999716e+01,1.129818248313518325e+03,0.000000000000000000e+00
7.490000000000000568e+01,1.128386931005001315e+03,0.000000000000000000e+00
7.500000000000000000e+01,1.126957330247117852e+03,0.000000000000000000e+00
7.510000000000000853e+01,1.125529443981243048e+03,0.000000000000000000e+00
7.520000000000000284e+01,1.124103270151220386e+03,0.000000000000000000e+00
7.529999999999999716e+01,1.122678806703359214e+03,0.000000000000000000e+00
7.540000000000000568e+01,1.121256051586431795e+03,0.000000000000000000e+00
7.550000000000000000e+01,1.119835002751670572e+03,0.000000000000000000e+00
7.560000000000000853e+01,1.118415658152764991e+03,0.000000000000000000e+00
7.570000000000000284e+01,1.116998015745858993e+03,0.000000000000000000e+00
7.579999999999999716e+01,1.115582073489546929e+03,0.000000000000000000e+00
7.590000000000000568e+01,1.114167829344871279e+03,0.000000000000000000e+00
7.600000000000000000e+01,1.112755281275320840e+03,0.000000000000000000e+00
7.610000000000000853e+01,1.111344427246825717e+03,0.000000000000000000e+00
7.620000000000000284e+01,1.109935265227756190e+03,0.000000000000000000e+00
7.629999999999999716e+01,1.108527793188918849e+03,0.000000000000000000e+00
7.640000000000000568e+01,1.107122009103553410e+03,0.000000000000000000e+00
7.650000000000000000e+01,1.105717910947330665e+03,0.000000000000000000e+00
7.660000000000000853e+01,1.104315496698348625e+03,0.000000000000000000e+00
7.670000000000000284e+01,1.102914764337131146e+03,0.000000000000000000e+00
7.680000000000001137e+01,1.101515711846622935e+03,0.000000000000000000e+00
7.690000000000000568e+01,1.100118337212188635e+03,0.000000000000000000e+00
7.700000000000000000e+01,1.098722638421608281e+03,0.000000000000000000e+00
7.710000000000000853e+01,1.097328613465074795e+03,0.000000000000000000e+00
7.720000000000000284e+01,1.095936260335193310e+03,0.000000000000000000e+00
7.730000000000001137e+01,1.094545577026973660e+03,0.000000000000000000e+00
7.740000000000000568e+01,1.093156561537832658e+03,0.000000000000000000e+00
7.750000000000000000e+01,1.091769211867587046e+03,0.000000000000000000e+00
7.760000000000000853e+01,1.090383526018453722e+03,0.000000000000000000e+00
7.770000000000000284e+01,1.088999501995044511e+03,0.000000000000000000e+00
7.780000000000001137e+01,1.087617137804364347e+03,0.000000000000000000e+00
7.790000000000000568e+01,1.086236431455808770e+03,0.000000000000000000e+00
7.800000000000000000e+01,1.084857380961160516e+03,0.000000000000000000e+00
7.810000000000000853e+01,1.083479984334586561e+03,0.000000000000000000e+00
7.820000000000000284e+01,1.082104239592635622e+03,0.000000000000000000e+00
7.830000000000001137e+01,1.080730144754234516e+03,0.000000000000000000e+00
7.840000000000000568e+01,1.079357697840687251e+03,0.000000000000000000e+00
7.850000000000000000e+01,1.077986896875669572e+03,0.000000000000000000e+00
7.860000000000000853e+01,1.076617739885227593e+03,0.000000000000000000e+00
7.870000000000000284e+01,1.075250224897775752e+03,0.000000000000000000e+00
7.880000000000001137e+01,1.073884349944091127e+03,0.000000000000000000e+00
7.890000000000000568e+01,1.072520113057314575e+03,0.000000000000000000e+00
7.900000000000000000e+01,1.071157512272944587e+03,0.000000000000000000e+00
7.910000000000000853e+01,1.069796545628835247e+03,0.000000000000000000e+00
7.920000000000000284e+01,1.068437211165195095e+03,0.000000000000000000e+00
7.930000000000001137e+01,1.067079506924581665e+03,0.000000000000000000e+00
7.940000000000000568e+01,1.065723430951900809e+03,0.000000000000000000e+00
7.950000000000000000e+01,1.064368981294402602e+03,0.000000000000000000e+00
7.960000000000000853e+01,1.063016156001679974e+03,0.000000000000000000e+00
7.970000000000000284e+01,1.061664953125663942e+03,0.000000000000000000e+00
7.980000000000001137e+01,1.060315370720621786e+03,0.000000000000000000e+00
7.990000000000000568e+01,1.058967406843155004e+03,0.000000000000000000e+00
8.000000000000000000e+01,1.057621059552195447e+03,0.000000000000000000e+00
8.010000000000000853e+01,1.056276326909002364e+03,0.000000000000000000e+00
8.020000000000000284e+01,1.054933206977161262e+03,0.000000000000000000e+00
8.030000000000001137e+01,1.053591697822578226e+03,0.000000000000000000e+00
8.040000000000000568e+01,1.052251797513480369e+03,0.000000000000000000e+00
8.050000000000000000e+01,1.050913504120411517e+03,0.000000000000000000e+00
8.060000000000000853e+01,1.049576815716227884e+03,0.000000000000000000e+00
8.070000000000000284e+01,1.048241730376098531e+03,0.000000000000000000e+00
8.080000000000001137e+01,1.046908246177500359e+03,0.000000000000000000e+00
8.090000000000000568e+01,1.045576361200215842e+03,0.000000000000000000e+00
8.100000000000000000e+01,1.044246073526330520e+03,0.000000000000000000e+00
8.110000000000000853e+01,1.042917381240229133e+03,0.000000000000000000e+00
8.120000000000000284e+01,1.041590282428595856e+03,0.000000000000000000e+00
8.130000000000001137e+01,1.040264775180407014e+03,0.000000000000000000e+00
8.140000000000000568e+01,1.038940857586932680e+03,0.000000000000000000e+00
8.150000000000000000e+01,1.037618527741731214e+03,0.000000000000000000e+00
8.160000000000000853e+01,1.036297783740646764e+03,0.000000000000000000e+00
8.170000000000000284e+01,1.034978623681808585e+03,0.000000000000000000e+00
8.180000000000001137e+01,1.033661045665625352e+03,0.000000000000000000e+00
8.190000000000000568e+01,1.032345047794784477e+03,0.000000000000000000e+00
8.200000000000000000e+01,1.031030628174249614e+03,0.000000000000000000e+00
8.210000000000000853e+01,1.029717784911255194e+03,0.000000000000000000e+00
8.220000000000000284e+01,1.028406516115307340e+03,0.000000000000000000e+00
8.230000000000001137e+01,1.027096819898178637e+03,0.000000000000000000e+00
8.240000000000000568e+01,1.025788694373906537e+03,0.000000000000000000e+00
8.250000000000000000e+01,1.024482137658789725e+03,0.000000000000000000e+00
8.260000000000000853e+01,1.023177147871385955e+03,0.000000000000000000e+00
8.270000000000000284e+01,1.021873723132510463e+03,0.000000000000000000e+00
8.280000000000001137e+01,1.020571861565231075e+03,0.000000000000000000e+00
8.290000000000000568e+01,1.019271561294866956e+03,0.000000000000000000e+00
8.300000000000000000e+01,1.017972820448985544e+03,0.000000000000000000e+00
8.310000000000000853e+01,1.016675637157399478e+03,0.000000000000000000e+00
8.320000000000000284e+01,1.015380009552165006e+03,0.000000000000000000e+00
8.330000000000001137e+01,1.014085935767577894e+03,0.000000000000000000e+00
8.340000000000000568e+01,1.012793413940171718e+03,0.000000000000000000e+00
8.350000000000000000e+01,1.011502442208715138e+03,0.000000000000000000e+00
8.360000000000000853e+01,1.010213018714207919e+03,0.000000000000000000e+00
8.370000000000000284e+01,1.008925141599880703e+03,0.000000000000000000e+00
8.380000000000001137e+01,1.007638809011189778e+03,0.000000000000000000e+00
8.390000000000000568e+01,1.006354019095816170e+03,0.000000000000000000e+00
8.400000000000000000e+01,1.005070770003662233e+03,0.000000000000000000e+00
8.410000000000000853e+01,1.003789059886849031e+03,0.000000000000000000e+00
8.420000000000000284e+01,1.002508886899713843e+03,0.000000000000000000e+00
8.430000000000001137e+01,1.001230249198807087e+03,0.000000000000000000e+00
8.440000000000000568e+01,9.999531449428903898e+02,0.000000000000000000e+00
8.450000000000000000e+01,9.986775722929335188e+02,0.000000000000000000e+00
8.460000000000000853e+01,9.974035294121116522e+02,0.000000000000000000e+00
8.470000000000000284e+01,9.961310144658026502e+02,0.000000000000000000e+00
8.480000000000001137e+01,9.948600256215846684e+02,0.000000000000000000e+00
8.490000000000000568e+01,9.935905610492337701e+02,0.000000000000000000e+00
8.500000000000000000e+01,9.923226189207208563e+02,0.000000000000000000e+00
8.510000000000000853e+01,9.910561974102085969e+02,0.000000000000000000e+00
8.520000000000000284e+01,9.897912946940504071e+02,0.000000000000000000e+00
8.530000000000001137e+01,9.885279089507855588e+02,0.000000000000000000e+00
8.540000000000000568e+01,9.872660383611384987e+02,0.000000000000000000e+00
8.550000000000000000e+01,9.860056811080161197e+02,0.000000000000000000e+00
8.560000000000000853e+01,9.847468353765027587e+02,0.000000000000000000e+00
8.570000000000000284e+01,9.834894993538607650e+02,0.000000000000000000e+00
8.580000000000001137e+01,9.822336712295259531e+02,0.000000000000000000e+00
8.590000000000000568e+01,9.809793491951055557e+02,0.000000000000000000e+00
8.600000000000000000e+01,9.797265314443760644e+02,0.000000000000000000e+00
8.610000000000000853e+01,9.784752161732790228e+02,0.000000000000000000e+00
8.620000000000000284e+01,9.772254015799210265e+02,0.000000000000000000e+00
8.630000000000001137e+01,9.759770858645679255e+02,0.000000000000000000e+00
8.640000000000000568e+01,9.747302672296455057e+02,0.000000000000000000e+00
8.650000000000000000e+01,9.734849438797346011e+02,0.000000000000000000e+00
8.660000000000000853e+01,9.722411140215691603e+02,0.000000000000000000e+00
8.670000000000000284e+01,9.709987758640345419e+02,0.000000000000000000e+00
8.680000000000001137e+01,9.697579276181627392e+02,0.000000000000000000e+00
8.690000000000000568e+01,9.685185674971324943e+02,0.000000000000000000e+00
8.700000000000000000e+01,9.672806937162654322e+02,0.000000000000000000e+00
8.710000000000000853e+01,9.660443044930224232e+02,0.000000000000000000e+00
8.720000000000000284e+01,9.648093980470030147e+02,0.000000000000000000e+00
8.730000000000001137e+01,9.635759725999419061e+02,0.000000000000000000e+00
8.740000000000000568e+01,9.623440263757056528e+02,0.000000000000000000e+00
8.750000000000000000e+01,9.611135576002924381e+02,0.000000000000000000e+00
8.760000000000000853e+01,9.598845645018261621e+02,0.000000000000000000e+00
8.770000000000000284e+01,9.586570453105570095e+02,0.000000000000000000e+00
8.780000000000001137e+01,9.574309982588566754e+02,0.000000000000000000e+00
8.790000000000000568e+01,9.562064215812176826e+02,0.000000000000000000e+00
8.800000000000000000e+01,9.549833135142494029e+02,0.000000000000000000e+00
8.810000000000000853e+01,9.537616722966756697e+02,0.000000000000000000e+00
8.820000000000000284e+01,9.525414961693331861e+02,0.000000000000000000e+00
8.830000000000001137e+01,9.513227833751678872e+02,0.000000000000000000e+00
8.840000000000000568e+01,9.501055321592331211e+02,0.000000000000000000e+00
8.850000000000000000e+01,9.488897407686874885e+02,0.000000000000000000e+00
8.860000000000000853e+01,9.476754074527902958e+02,0.000000000000000000e+00
8.870000000000000284e+01,9.464625304629020093e+02,0.000000000000000000e+00
8.880000000000001137e+01,9.452511080524794806e+02,0.000000000000000000e+00
8.890000000000000568e+01,9.440411384770737868e+02,0.000000000000000000e+00
8.900000000000000000e+01,9.428326199943292067e+02,0.000000000000000000e+00
8.910000000000000853e+01,9.416255508639781056e+02,0.000000000000000000e+00
8.920000000000000284e+01,9.404199293478417303e+02,0.000000000000000000e+00
8.930000000000001137e+01,9.392157537098240709e+02,0.000000000000000000e+00
8.940000000000000568e+01,9.380130222159122013e+02,0.000000000000000000e+00
8.950000000000000000e+01,9.368117331341727549e+02,0.000000000000000000e+00
8.960000000000000853e+01,9.356118847347491965e+02,0.000000000000000000e+00
8.970000000000000284e+01,9.344134752898594343e+02,0.000000000000000000e+00
8.980000000000001137e+01,9.332165030737938878e+02,0.000000000000000000e+00
8.990000000000000568e+01,9.320209663629120769e+02,0.000000000000000000e+00
9.000000000000000000e+01,9.308268634356411440e+02,0.000000000000000000e+00
9.010000000000000853e+01,9.296341925724725570e+02,0.000000000000000000e+00
9.020000000000000284e+01,9.284429520559602906e+02,0.000000000000000000e+00
9.030000000000001137e+01,9.272531401707176428e+02,0.000000000000000000e+00
9.040000000000000568e+01,9.260647552034155296e+02,0.000000000000000000e+00
9.050000000000000000e+01,9.248777954427786199e+02,0.000000000000000000e+00
9.060000000000000853e+01,9.236922591795853350e+02,0.000000000000000000e+00
9.070000000000000284e+01,9.225081447066633018e+02,0.000000000000000000e+00
9.080000000000001137e+01,9.213254503188871922e+02,0.000000000000000000e+00
9.090000000000000568e+01,9.201441743131772455e+02,0.000000000000000000e+00
9.100000000000000000e+01,9.189643149884949480e+02,0.000000000000000000e+00
9.110000000000000853e+01,9.177858706458436018e+02,0.000000000000000000e+00
9.120000000000000284e+01,9.166088395882627538e+02,0.000000000000000000e+00
9.130000000000001137e+01,9.154332201208274000e+02,0.000000000000000000e+00
9.140000000000000568e+01,9.142590105506458258e+02,0.000000000000000000e+00
9.150000000000000000e+01,9.130862091868553989e+02,0.000000000000000000e+00
9.160000000000000853e+01,9.119148143406220015e+02,0.000000000000000000e+00
9.170000000000000284e+01,9.107448243251373015e+02,0.000000000000000000e+00
9.180000000000001137e+01,9.095762374556151144e+02,0.000000000000000000e+00
9.190000000000000568e+01,9.084090520492903806e+02,0.000000000000000000e+00
9.200000000000000000e+01,9.072432664254157544e+02,0.000000000000000000e+00
9.210000000000000853e+01,9.060788789052595575e+02,0.000000000000000000e+00
9.220000000000000284e+01,9.049158878121039606e+02,0.000000000000000000e+00
9.230000000000001137e+01,9.037542914712413449e+02,0.000000000000000000e+00
9.240000000000000568e+01,9.025940882099731652e+02,0.000000000000000000e+00
9.250000000000000000e+01,9.014352763576056304e+02,0.000000000000000000e+00
9.260000000000000853e+01,9.002778542454502713e+02,0.000000000000000000e+00
9.270000000000000284e+01,8.991218202068191658e+02,0.000000000000000000e+00
9.280000000000001137e+01,8.979671725770222110e+02,0.000000000000000000e+00
9.290000000000000568e+01,8.968139096933676910e+02,0.000000000000000000e+00
9.300000000000000000e+01,8.956620298951559107e+02,0.000000000000000000e+00
9.310000000000000853e+01,8.945115315236802189e+02,0.000000000000000000e+00
9.320000000000000284e+01,8.933624129222229158e+02,0.000000000000000000e+00
9.330000000000001137e+01,8.922146724360526377e+02,0.000000000000000000e+00
9.340000000000000568e+01,8.910683084124232209e+02,0.000000000000000000e+00
9.350000000000000000e+01,8.899233192005700630e+02,0.000000000000000000e+00
9.360000000000000853e+01,8.887797031517083042e+02,0.000000000000000000e+00
9.370000000000000284e+01,8.876374586190312357e+02,0.000000000000000000e+00
9.380000000000001137e+01,8.864965839577058659e+02,0.000000000000000000e+00
9.390000000000000568e+01,8.853570775248732616e+02,0.000000000000000000e+00
9.400000000000000000e+01,8.842189376796429769e+02,0.000000000000000000e+00
9.410000000000000853e+01,8.830821627830941907e+02,0.000000000000000000e+00
9.420000000000000284e+01,8.819467511982707038e+02,0.000000000000000000e+00
9.430000000000001137e+01,8.808127012901794615e+02,0.000000000000000000e+00
9.440000000000000568e+01,8.796800114257886207e+02,0.000000000000000000e+00
9.450000000000000000e+01,8.785486799740244805e+02,0.000000000000000000e+00
9.460000000000000853e+01,8.774187053057690946e+02,0.000000000000000000e+00
9.470000000000000284e+01,8.762900857938598165e+02,0.000000000000000000e+00
9.480000000000001137e+01,8.751628198130833880e+02,0.000000000000000000e+00
9.490000000000000568e+01,8.740369057401770760e+02,0.000000000000000000e+00
9.500000000000000000e+01,8.729123419538241251e+02,0.000000000000000000e+00
9.510000000000000853e+01,8.717891268346528477e+02,0.000000000000000000e+00
9.520000000000000284e+01,8.706672587652329867e+02,0.000000000000000000e+00
9.530000000000001137e+01,8.695467361300743505e+02,0.000000000000000000e+00
9.540000000000000568e+01,8.684275573156243127e+02,0.000000000000000000e+00
9.550000000000000000e+01,8.673097207102650827e+02,0.000000000000000000e+00
9.560000000000000853e+01,8.661932247043115467e+02,0.000000000000000000e+00
9.570000000000000284e+01,8.650780676900100161e+02,0.000000000000000000e+00
9.580000000000001137e+01,8.639642480615329987e+02,0.000000000000000000e+00
9.590000000000000568e+01,8.628517642149812445e+02,0.000000000000000000e+00
9.600000000000000000e+01,8.617406145483769251e+02,0.000000000000000000e+00
9.610000000000000853e+01,8.606307974616647698e+02,0.000000000000000000e+00
9.620000000000000284e+01,8.595223113567080873e+02,0.000000000000000000e+00
9.630000000000001137e+01,8.584151546372863777e+02,0.000000000000000000e+00
9.640000000000000568e+01,8.573093257090939687e+02,0.000000000000000000e+00
9.650000000000000000e+01,8.562048229797371732e+02,0.000000000000000000e+00
9.660000000000000853e+01,8.551016448587308787e+02,0.000000000000000000e+00
9.670000000000000284e+01,8.539997897574999115e+02,0.000000000000000000e+00
9.680000000000001137e+01,8.528992560893716472e+02,0.000000000000000000e+00
9.690000000000000568e+01,8.518000422695778298e+02,0.000000000000000000e+00
9.700000000000000000e+01,8.507021467152503647e+02,0.000000000000000000e+00
9.710000000000000853e+01,8.496055678454191593e+02,0.000000000000000000e+00
9.720000000000000284e+01,8.485103040810107586e+02,0.000000000000000000e+00
9.730000000000001137e+01,8.474163538448452755e+02,0.000000000000000000e+00
9.740000000000000568e+01,8.463237155616337759e+02,0.000000000000000000e+00
9.750000000000000000e+01,8.452323876579774833e+02,0.000000000000000000e+00
9.760000000000000853e+01,8.441423685623634583e+02,0.000000000000000000e+00
9.770000000000000284e+01,8.430536567051641441e+02,0.000000000000000000e+00
9.780000000000001137e+01,8.419662505186344106e+02,0.000000000000000000e+00
9.790000000000000568e+01,8.408801484369091668e+02,0.000000000000000000e+00
9.800000000000000000e+01,8.397953488960015420e+02,0.000000000000000000e+00
9.810000000000000853e+01,8.387118503337992479e+02,0.000000000000000000e+00
9.820000000000000284e+01,8.376296511900645783e+02,0.000000000000000000e+00
9.830000000000001137e+01,8.365487499064307713e+02,0.000000000000000000e+00
9.840000000000000568e+01,8.354691449263997356e+02,0.000000000000000000e+00
9.850000000000000000e+01,8.343908346953398905e+02,0.000000000000000000e+00
9.860000000000000853e+01,8.333138176604843466e+02,0.000000000000000000e+00
9.870000000000000284e+01,8.322380922709282913e+02,0.000000000000000000e+00
9.880000000000001137e+01,8.311636569776271699e+02,0.000000000000000000e+00
9.890000000000000568e+01,8.300905102333939567e+02,0.000000000000000000e+00
9.900000000000000000e+01,8.290186504928974500e+02,0.000000000000000000e+00
9.910000000000000853e+01,8.279480762126589752e+02,0.000000000000000000e+00
9.920000000000000284e+01,8.268787858510513615e+02,0.000000000000000000e+00
9.930000000000001137e+01,8.258107778682965545e+02,0.000000000000000000e+00
9.940000000000000568e+01,8.247440507264627740e+02,0.000000000000000000e+00
9.950000000000000000e+01,8.236786028894631499e+02,0.000000000000000000e+00
9.960000000000000853e+01,8.226144328230517431e+02,0.000000000000000000e+00
9.970000000000000284e+01,8.215515389948239999e+02,0.000000000000000000e+00
9.980000000000001137e+01,8.204899198742126600e+02,0.000000000000000000e+00
9.990000000000000568e+01,8.194295739324861643e+02,0.000000000000000000e+00
1.000000000000000000e+02,8.183704996427459264e+02,0.000000000000000000e+00
