t_start_s,duration_s,p_load_W,rail_t_start_s,rail_net_W
0,0.034267200130838324,25.708535718338378,0,257085.35718338378
0.034267200130838324,0.034267200130838324,37.129668369819576,0.5,371296.68369819573
0.068534400261676648,0.034267200130838324,48.55724931146959,1,485572.49311469588
0.10280160039251497,0.034267200130838324,59.99175385780044,1.5,599917.53857800434
0.1370688005233533,0.034267200130838324,71.433657323324539,2,714336.57323324541
0.17133600065419163,0.034267200130838324,82.883435022554877,2.5,828834.35022554873
0.20560320078502994,0.034267200130838324,94.341562270002953,3,943415.62270002952
0.23987040091586825,0.034267200130838324,105.80851438018168,3.5,1058085.1438018167
0.27413760104670659,0.034267200130838324,117.28476666762066,4,1172847.6666762065
0.30840480117754493,0.034267200130838324,128.77079444680083,4.5,1287707.9444680084
0.34267200130838327,0.034267200130838324,140.26707303224671,5,1402670.7303224672
0.37693920143922155,0.034267200130838324,151.77407773847432,5.5,1517740.7773847431
0.41120640157005989,0.034267200130838324,163.29228387999478,6,1632922.8387999479
0.44547360170089823,0.034267200130838324,174.82216677131896,6.5,1748221.6677131895
0.47974080183173651,0.034267200130838324,186.36420172696134,7,1863642.0172696132
0.5140080019625749,0.034267200130838324,197.91886406143308,7.5,1979188.6406143308
0.54827520209341318,0.034267200130838324,209.48662908918189,8,2094866.2908918187
0.58254240222425147,0.034267200130838324,221.0679721248448,8.5,2210679.7212484479
0.61680960235508986,0.034267200130838324,232.6633684828777,9,2326633.6848287769
0.65107680248592814,0.034267200130838324,244.27329347779045,9.5,2442732.9347779043
0.68534400261676653,0.034267200130838324,255.89822242409178,10,2558982.2242409177
0.71961120274760482,0.034267200130838324,267.53863063630166,10.5,2675386.3063630164
0.7538784028784431,0.034267200130838324,279.19499342892544,11,2791949.9342892542
0.78814560300928149,0.034267200130838324,290.86778611648157,11.5,2908677.8611648157
0.82241280314011977,0.034267200130838324,299.53703526431696,12,2995370.3526431695
0.85668000327095806,0.034267200130838324,299.99999999989421,12.5,2999999.999998942
0.89094720340179645,0.034267200130838324,299.99999999988972,13,2999999.9999988973
0.92521440353263473,0.034267200130838324,299.99999999987858,13.5,2999999.9999987856
0.95948160366347301,0.034267200130838324,299.99999999988603,14,2999999.9999988601
0.99374880379431141,0.034267200130838324,299.9999999998808,14.5,2999999.9999988079
1.0280160039251498,0.034267200130838324,299.99999999986665,15,2999999.9999986663
1.062283204055988,0.034267200130838324,299.99999999986738,15.5,2999999.9999986738
1.0965504041868264,0.034267200130838324,299.99999999988529,16,2999999.9999988526
1.1308176043176648,0.034267200130838324,299.999999999772,16.5,2999999.9999977201
1.1650848044485029,0.034267200130838324,299.99999999973181,17,2999999.9999973178
1.1993520045793413,0.034267200130838324,299.99999999969754,17.5,2999999.9999969751
1.2336192047101797,0.034267200130838324,299.99999999971988,18,2999999.9999971986
1.2678864048410179,0.034267200130838324,299.99999999969452,18.5,2999999.9999969453
1.3021536049718563,0.034267200130838324,299.99999999971391,19,2999999.999997139
1.3364208051026947,0.034267200130838324,299.99999999969009,19.5,2999999.9999969006
1.3706880052335331,0.034267200130838324,299.99999999969606,20,2999999.9999969602
1.4049552053643712,0.034267200130838324,299.99999999970942,20.5,2999999.9999970943
1.4392224054952096,0.034267200130838324,299.99999999969901,21,2999999.99999699
1.473489605626048,0.034267200130838324,185.32048013354094,21.5,1853204.8013354093
1.5077568057568862,0.034267200130838324,34.337128186208012,22,343371.2818620801
1.5420240058877246,0.034267200130838324,34.337128186208012,22.5,343371.2818620801
1.576291206018563,0.034267200130838324,34.337128186208012,23,343371.2818620801
1.6105584061494012,0.034267200130838324,34.337128186208012,23.5,343371.2818620801
1.6448256062802395,0.034267200130838324,34.337128186209505,24,343371.281862095
1.6790928064110779,0.034267200130838324,34.337128186208012,24.5,343371.2818620801
1.7133600065419161,0.034267200130838324,34.337128186208012,25,343371.2818620801
1.7476272066727545,0.034267200130838324,34.337128186208012,25.5,343371.2818620801
1.7818944068035929,0.034267200130838324,34.337128186208012,26,343371.2818620801
1.8161616069344311,0.034267200130838324,34.337128186209505,26.5,343371.281862095
1.8504288070652695,0.034267200130838324,34.337128186208012,27,343371.2818620801
1.8846960071961079,0.034267200130838324,34.337128186208012,27.5,343371.2818620801
1.918963207326946,0.034267200130838324,34.337128186208012,28,343371.2818620801
1.9532304074577844,0.034267200130838324,34.337128186208012,28.5,343371.2818620801
1.9874976075886228,0.034267200130838324,34.337128186209505,29,343371.281862095
2.0217648077194612,0.034267200130838324,34.337128186208012,29.5,343371.2818620801
2.0560320078502996,0.034267200130838324,34.337128186208012,30,343371.2818620801
2.0902992079811376,0.034267200130838324,34.337128186208012,30.5,343371.2818620801
2.1245664081119759,0.034267200130838324,34.337128186209505,31,343371.281862095
2.1588336082428143,0.034267200130838324,34.337128186208012,31.5,343371.2818620801
2.1931008083736527,0.034267200130838324,34.337128186257182,32,343371.28186257184
2.2273680085044911,0.034267200130838324,34.337128186257182,32.5,343371.28186257184
2.2616352086353295,0.034267200130838324,34.337128186257182,33,343371.28186257184
2.2959024087661679,0.034267200130838324,34.337128186257182,33.5,343371.28186257184
2.3301696088970059,0.034267200130838324,34.337128186257182,34,343371.28186257184
2.3644368090278443,0.034267200130838324,34.337128186255697,34.5,343371.28186255693
2.3987040091586826,0.034267200130838324,60.04566390445531,35,600456.63904455304
2.432971209289521,0.034267200130838324,71.466796555934849,35.5,714667.96555934846
2.4672384094203594,0.034267200130838324,82.894377497570218,36,828943.77497570217
2.5015056095511978,0.034267200130838324,94.328882043920458,36.5,943288.82043920457
2.5357728096820358,0.034267200130838324,105.7707855094403,37,1057707.855094403
2.5700400098128742,0.034267200130838324,117.22056320866049,37.5,1172205.6320866048
2.6043072099437126,0.034267200130838324,128.6786904561028,38,1286786.9045610279
2.638574410074551,0.034267200130838324,140.1456425662771,38.5,1401456.4256627709
2.6728416102053894,0.034267200130838324,151.62189485374839,39,1516218.9485374838
2.7071088103362277,0.034267200130838324,163.1079226329133,39.5,1631079.2263291329
2.7413760104670661,0.034267200130838324,174.60420121835918,40,1746042.0121835917
2.7756432105979041,0.034267200130838324,186.11120592460037,40.5,1861112.0592460036
2.8099104107287425,0.034267200130838324,197.62941206610353,41,1976294.1206610352
2.8441776108595809,0.034267200130838324,209.15929495742321,41.5,2091592.9495742321
2.8784448109904193,0.034267200130838324,220.70132991307528,42,2207013.2991307527
2.9127120111212577,0.034267200130838324,232.25599224754723,42.5,2322559.9224754721
2.9469792112520961,0.034267200130838324,243.8237572753072,43,2438237.5727530718
2.981246411382934,0.034267200130838324,255.4051003109515,43.5,2554051.0031095147
3.0155136115137724,0.00034773508167239563,261.25965992233762,44,2612596.5992233763
3.0158613465954449,0.033919465049165931,-67.277777689907666,44.00507387648166,-672777.77689907665
3.0497808116446108,0.034267200130838324,-55.726706522211437,44.5,-557267.06522211432
3.0840480117754492,0.034267200130838324,-43.865183961041275,45,-438651.83961041272
3.1183152119062876,0.034267200130838324,-26.135719761697949,45.5,-261357.19761697948
3.152582412037126,0.027071088103353725,-7.9841362466131907,46,-79841.362466131905
3.1796535001404793,0.007196112027484599,2.1678438620740241,46.394999999999875,21678.438620740242
3.1868496121679639,0.034267200130838324,14.465598209652306,46.5,144655.98209652305
3.2211168122988023,0.034267200130838324,31.79737769919187,47,317973.77699191868
3.2553840124296407,0.034267200130838324,40.939992167718714,47.5,409399.92167718709
3.2896512125604791,0.034267200130838324,49.636376286801699,48,496363.76286801696
3.3239184126913175,0.034267200130838324,58.34910978743136,48.5,583491.09787431359
3.3581856128221559,0.034267200130838324,67.077807664859293,49,670778.07664859295
3.3924528129529943,0.034267200130838324,75.822084914359451,49.5,758220.8491435945
3.4267200130838322,0.034267200130838324,84.581556531092531,50,845815.56531092525
3.4609872132146706,0.034267200130838324,93.35583751041294,50.5,933558.37510412931
3.495254413345509,0.034267200130838324,102.14454284751118,51,1021445.4284751117
3.5295216134763474,0.034267200130838324,110.94728753757775,51.5,1109472.8753757775
3.5637888136071858,0.034267200130838324,119.76368657594324,52,1197636.8657594323
3.5980560137380242,0.034267200130838324,128.59335495783091,52.5,1285933.5495783091
3.6323232138688621,0.034267200130838324,137.43590767854155,53,1374359.0767854154
3.6665904139997005,0.034267200130838324,146.29095973320008,53.5,1462909.5973320007
3.7008576141305389,0.034267200130838324,155.15812611716689,54,1551581.2611716688
3.7351248142613773,0.034267200130838324,164.03702182561159,54.5,1640370.2182561159
3.7693920143922157,0.034267200130838324,172.92726185382307,55,1729272.6185382307
3.8036592145230541,0.034267200130838324,181.82846119699181,55.5,1818284.611969918
3.8379264146538921,0.034267200130838324,190.74023485037387,56,1907402.3485037386
3.8721936147847305,0.019532304074709093,196.96305891573883,56.5,1969630.5891573883
3.8917259188594397,0.014734896056129232,-63.456431720614113,56.785000000001915,-634564.31720614107
3.9064608149155688,0.034267200130838324,-57.068906744655969,57,-570689.06744655967
3.9407280150464072,0.034267200130838324,-48.1277201890409,57.5,-481277.20189040899
3.9749952151772456,0.034267200130838324,-39.177499342256787,58,-391774.99342256784
4.0092624153080836,0.034267200130838324,-30.218629208967091,58.5,-302186.2920896709
4.0435296154389224,0.034267200130838324,-21.251494794008138,59,-212514.94794008136
4.0777968155697604,0.034267200130838324,-12.276481102049351,59.5,-122764.81102049351
4.1120640157005992,0.029646191192515207,-3.8999351526320463,60,-38999.351526320461
4.141710206893114,0.0046210089383231148,0.59359037541403303,60.432573876466719,5935.9037541403295
4.1463312158314372,0.034267200130838324,5.6956440936326986,60.5,56956.440936326981
4.1805984159622751,0.034267200130838324,14.691985587882996,61,146919.85587882996
4.2148656160931139,0.034267200130838324,23.694666340056063,61.5,236946.66340056062
4.2491328162239519,0.034267200130838324,51.261594161391258,62,512615.94161391258
4.2834000163547907,0.034267200130838324,54.337128186103705,62.5,543371.28186103702
4.3176672164856287,0.034267200130838324,54.337128186124566,63,543371.28186124563
4.3519344166164675,0.034267200130838324,54.337128186106682,63.5,543371.28186106682
4.3862016167473055,0.034267200130838324,54.337128186139466,64,543371.28186139464
4.4204688168781434,0.034267200130838324,54.337128186130528,64.5,543371.28186130524
4.4547360170089823,0.034267200130838324,54.337128186121589,65,543371.28186121583
4.4890032171398202,0.034267200130838324,54.33712818608582,65.5,543371.2818608582
4.523270417270659,0.034267200130838324,54.337128186109666,66,543371.28186109662
4.557537617401497,0.034267200130838324,54.337128186109666,66.5,543371.28186109662
4.5918048175323358,0.034267200130838324,54.337128186273574,67,543371.28186273575
4.6260720176631738,0.034267200130838324,54.337128186276558,67.5,543371.28186276555
4.6603392177940117,0.034267200130838324,54.337128186276558,68,543371.28186276555
4.6946064179248506,0.034267200130838324,54.337128186273574,68.5,543371.28186273575
4.7288736180556885,0.034267200130838324,54.337128186276558,69,543371.28186276555
4.7631408181865273,0.034267200130838324,54.337128186273574,69.5,543371.28186273575
4.7974080183173653,0.034267200130838324,54.337128186276558,70,543371.28186276555
4.8316752184482032,0.034267200130838324,54.337128186276558,70.5,543371.28186276555
4.8659424185790421,0.034267200130838324,54.337128186273574,71,543371.28186273575
4.90020961870988,0.034267200130838324,54.337128186276558,71.5,543371.28186276555
4.9344768188407189,0.034267200130838324,54.337128186273574,72,543371.28186273575
4.9687440189715568,0.034267200130838324,54.337128186276558,72.5,543371.28186276555
5.0030112191023957,0.034267200130838324,54.337128186273574,73,543371.28186273575
5.0372784192332336,0.034267200130838324,54.337128186276558,73.5,543371.28186276555
5.0715456193640716,0.034267200130838324,54.337128186276558,74,543371.28186276555
5.1058128194949104,0.034267200130838324,54.337128186273574,74.5,543371.28186273575
5.1400800196257483,0.034267200130838324,54.337128186276558,75,543371.28186276555
5.1743472197565872,0.034267200130838324,54.337128186273574,75.5,543371.28186273575
5.2086144198874251,0.034267200130838324,54.337128186276558,76,543371.28186276555
5.242881620018264,0.034267200130838324,54.337128186276558,76.5,543371.28186276555
5.2771488201491019,0.034267200130838324,54.337128186273574,77,543371.28186273575
5.3114160202799399,0.034267200130838324,54.337128186276558,77.5,543371.28186276555
5.3456832204107787,0.034267200130838324,54.337128186273574,78,543371.28186273575
5.3799504205416167,0.034267200130838324,54.337128186276558,78.5,543371.28186276555
5.4142176206724555,0.00034773508167239563,54.337128186273368,79,543371.28186273365
5.414565355754128,0.033919465049165931,-280.00000000025432,79.00507387648166,-2800000.000002543
5.4484848208032934,0.034267200130838324,-280.00000000025631,79.5,-2800000.000002563
5.4827520209341323,0.034267200130838324,-279.76340638533236,80,-2797634.0638533235
5.5170192210649702,0.034267200130838324,-273.67435039800409,80.5,-2736743.5039800406
5.5512864211958082,0.034267200130838324,-264.98901008889976,81,-2649890.1008889973
5.585553621326647,0.034267200130838324,-249.54081526912751,81.5,-2495408.1526912749
5.619820821457485,0.034267200130838324,-229.45652280604543,82,-2294565.2280604541
5.6540880215883238,0.034267200130838324,-209.34861467222572,82.5,-2093486.1467222571
5.6883552217191617,0.034267200130838324,-189.2170005582571,83,-1892170.005582571
5.7226224218499997,0.034267200130838324,-169.06159015417398,83.5,-1690615.9015417397
5.7568896219808385,0.034267200130838324,-148.88229315024614,84,-1488822.9315024614
5.7911568221116765,0.034267200130838324,-128.67901923668086,84.5,-1286790.1923668087
5.8254240222425153,0.034267200130838324,-108.45167810376586,85,-1084516.7810376585
5.8596912223733533,0.034267200130838324,-88.200179441660651,85.5,-882001.79441660643
5.8939584225041921,0.034267200130838324,-67.924432940736423,86,-679244.32940736413
5.9282256226350301,0.034267200130838324,-47.624348291113975,86.5,-476243.48291113973
5.962492822765868,0.034267200130838324,-27.299835183152556,87,-272998.35183152556
5.9967600228967068,0.028789511189712517,-8.5784285318970266,87.5,-85784.285318970258
6.0255495340864194,0.0054776889411258063,1.6036318079011038,87.920073876473552,16036.318079011038
6.0310272230275448,0.034267200130838324,13.422837647107244,88,134228.37647107244
6.0652944231583836,0.034267200130838324,33.821177988871931,88.5,338211.77988871932
6.0995616232892216,0.034267200130838324,54.244308028075103,89,542443.08028075099
6.1338288234200604,0.034267200130838324,74.692318074396255,89.5,746923.18074396253
6.1680960235508984,0.034267200130838324,95.165298437705644,90,951652.98437705636
6.2023632236817363,0.034267200130838324,115.66333942769468,90.5,1156633.3942769468
6.2366304238125752,0.034267200130838324,136.18653135417404,91,1361865.3135417402
6.2708976239434131,0.034267200130838324,156.73496452689469,91.5,1567349.6452689469
6.3051648240742519,0.034267200130838324,177.30872925558984,92,1773087.2925558984
6.3394320242050899,0.034267200130838324,197.90791585007608,92.5,1979079.1585007608
6.3736992243359278,0.034267200130838324,218.53261461998821,93,2185326.146199882
6.4079664244667667,0.034267200130838324,235.25386421615184,93.5,2352538.6421615183
6.4422336245976046,0.034267200130838324,244.41137701982262,94,2444113.770198226
6.4765008247284435,0.034267200130838324,253.38639071172477,94.5,2533863.9071172476
6.5107680248592814,0.034267200130838324,262.36889867587388,95,2623688.9867587388
6.5450352249901202,0.034267200130838324,271.35851590741277,95.5,2713585.1590741277
6.5793024251209582,0.034267200130838324,280.35485740162733,96,2803548.574016273
6.6135696252517961,0.034267200130838324,289.35753815380338,96.5,2893575.3815380335
6.647836825382635,0.034267200130838324,316.9244659753889,97,3169244.6597538888
6.6821040255134729,0.034267200130838324,320.00000000009538,97.5,3200000.0000009537
6.7163712256443118,0.034267200130838324,319.99999999974671,98,3199999.9999974668
6.7506384257751497,0.034267200130838324,319.99999999974369,98.5,3199999.999997437
6.7849056259059886,0.034267200130838324,319.99999999973477,99,3199999.9999973476
6.8191728260368265,0.034267200130838324,319.99999999974369,99.5,3199999.999997437
6.8534400261676645,0.034267200130838324,319.99999999974671,100,3199999.9999974668
6.8877072262985033,0.034267200130838324,319.99999999977354,100.5,3199999.999997735
6.9219744264293412,0.034267200130838324,319.9999999997288,101,3199999.999997288
6.9562416265601801,0.034267200130838324,319.99999999974074,101.5,3199999.9999974072
6.990508826691018,0.034267200130838324,319.99999999971988,102,3199999.9999971986
7.024776026821856,0.034267200130838324,319.9999999997288,102.5,3199999.999997288
7.0590432269526948,0.034267200130838324,319.99999999973778,103,3199999.9999973774
7.0933104270835328,0.034267200130838324,319.99999999975267,103.5,3199999.9999975264
7.1275776272143716,0.034267200130838324,319.99999999974966,104,3199999.9999974966
7.1618448273452096,0.034267200130838324,319.99999999971692,104.5,3199999.9999971688
7.1961120274760484,0.034267200130838324,319.99999999973477,105,3199999.9999973476
7.2303792276068863,0.034267200130838324,319.99999999970498,105.5,3199999.9999970496
7.2646464277377243,0.034267200130838324,319.99999999969901,106,3199999.99999699
7.2989136278685631,0.034267200130838324,319.99999999971391,106.5,3199999.999997139
7.3331808279994011,0.034267200130838324,319.99999999971391,107,3199999.999997139
7.3674480281302399,0.034267200130838324,319.99999999965729,107.5,3199999.9999965727
7.4017152282610779,0.034267200130838324,156.82744996718168,108,1568274.4996718168
7.4359824283919167,0.034267200130838324,58.723375688844925,108.5,587233.75688844919
7.4702496285227546,0.034267200130838324,58.723375688844925,109,587233.75688844919
7.5045168286535926,0.034267200130838324,58.723375688844925,109.5,587233.75688844919
7.5387840287844314,0.034267200130838324,58.723375688844925,110,587233.75688844919
7.5730512289152694,0.034267200130838324,58.723375688844925,110.5,587233.75688844919
7.6073184290461082,0.034267200130838324,58.723375688841941,111,587233.75688841939
7.6415856291769462,0.034267200130838324,58.723375688844925,111.5,587233.75688844919
7.6758528293077841,0.034267200130838324,58.723375688844925,112,587233.75688844919
7.710120029438623,0.034267200130838324,58.723375688844925,112.5,587233.75688844919
7.7443872295694609,0.034267200130838324,58.723375688844925,113,587233.75688844919
7.7786544297002997,0.034267200130838324,58.723375688844925,113.5,587233.75688844919
7.8129216298311377,0.034267200130838324,58.723375688844925,114,587233.75688844919
7.8471888299619765,0.034267200130838324,58.723375688844925,114.5,587233.75688844919
7.8814560300928145,0.034267200130838324,58.723375688844925,115,587233.75688844919
7.9157232302236524,0.034267200130838324,58.723375688844925,115.5,587233.75688844919
7.9499904303544913,0.034267200130838324,58.781579452645779,116,587815.79452645779
7.9842576304853292,0.034267200130838324,65.584748326596625,116.5,655847.48326596618
8.0185248306161672,0.034267200130838324,77.006510447937259,117,770065.1044793725
8.0527920307470069,0.034267200130838324,88.434768848830473,117.5,884347.68848830462
8.0870592308778448,0.034267200130838324,99.869998843732475,118,998699.98843732476
8.1213264310086828,0.034267200130838324,111.31267574715615,118.5,1113126.7574715614
8.1555936311395207,0.034267200130838324,122.76327487368883,119,1227632.7487368882
8.1898608312703587,0.034267200130838324,134.22227153773903,119.5,1342222.7153773904
8.2241280314011984,0.034267200130838324,145.69014105389417,120,1456901.4105389416
8.2583952315320364,0.034267200130838324,157.16735873665513,120.5,1571673.5873665512
8.2926624316628743,0.034267200130838324,168.65439990051092,121,1686543.9990051091
8.3269296317937123,0.034267200130838324,180.15173985996546,121.5,1801517.3985996544
8.3611968319245502,0.034267200130838324,191.65985392956733,122,1916598.5392956734
8.3954640320553899,0.034267200130838324,203.17921742379667,122.5,2031792.1742379665
8.4297312321862279,0.034267200130838324,214.71030565721395,123,2147103.0565721393
8.4639984323170658,0.034267200130838324,226.25359394426346,123.5,2262535.9394426346
8.4982656324479038,0.034267200130838324,237.80955759950282,124,2378095.575995028
8.5325328325787435,0.034267200130838324,249.37867193738222,124.5,2493786.7193738222
8.5668000327095815,0.034267200130838324,260.96141227250695,125,2609614.1227250695
8.6010672328404194,0.034267200130838324,272.55825391929153,125.5,2725582.539192915
8.6353344329712574,0.034267200130838324,284.16967219238876,126,2841696.7219238877
8.6696016331020953,0.034267200130838324,295.79614240621925,126.5,2957961.4240621924
8.703868833232935,0.0085463434410577195,303.06639600700811,127,3030663.9600700811
8.7124151766739928,0.025720856689780604,-29.83262383465275,127.12470151352352,-298326.23834652751
8.738136033363773,0.034267200130838324,-19.627235774767399,127.5,-196272.35774767399
8.7724032334946109,0.034267200130838324,-7.9527578515887267,128,-79527.57851588726
8.8066704336254489,0.034267200130838324,-0.19037838874459267,128.5,-1903.7838874459267
8.8409376337562868,0.034267200130838324,0,129,0
8.8752048338871266,0.034267200130838324,0,129.5,0
8.9094720340179645,0.034267200130838324,0,130,0
8.9437392341488025,0.034267200130838324,0,130.5,0
8.9780064342796404,0.019169175481358613,0,131,0
8.9971756097609994,0.015098024649479713,1.8882434198085074,131.27970151351974,18882.434198085073
9.0122736344104784,0.034267200130838324,8.0943670667171475,131.5,80943.670667171478
9.0465408345413181,0.034267200130838324,16.725205717414617,132,167252.05717414618
9.080808034672156,0.034267200130838324,25.373854769921305,132.5,253738.54769921303
9.115075234802994,0.034267200130838324,34.039929219412805,133,340399.29219412804
9.1493424349338319,0.034267200130838324,42.723044061338904,133.5,427230.44061338902
9.1836096350646717,0.034267200130838324,51.422814290606979,134,514228.14290606976
9.2178768351955096,0.034267200130838324,60.138854902642969,134.5,601388.54902642965
9.2521440353263475,0.034267200130838324,68.870780892652277,135,688707.80892652273
9.2864112354571855,0.034267200130838324,77.618207256031042,135.5,776182.07256031036
9.3206784355880234,0.034267200130838324,86.380748987793922,136,863807.48987793922
9.3549456357188632,0.034267200130838324,95.15802108325363,136.5,951580.21083253622
9.3892128358497011,0.034267200130838324,103.94963853771687,137,1039496.3853771687
9.4234800359805391,0.034267200130838324,112.75521634640694,137.5,1127552.1634640694
9.457747236111377,0.034267200130838324,121.57436950464846,138,1215743.6950464845
9.492014436242215,0.034267200130838324,130.40671300756335,138.5,1304067.1300756335
9.5262816363730547,0.034267200130838324,139.25186185041071,139,1392518.618504107
9.5605488365038926,0.034267200130838324,148.1094310283959,139.5,1481094.3102839589
9.5948160366347306,0.034267200130838324,156.97903553690912,140,1569790.355369091
9.6290832367655685,0.034267200130838324,165.86029037116171,140.5,1658602.903711617
9.6633504368964065,0.034267200130838324,174.75281052619815,141,1747528.1052619815
9.6976176370272462,0.034267200130838324,183.65621099758746,141.5,1836562.1099758744
9.7318848371580842,0.034267200130838324,192.57010678026677,142,1925701.0678026676
9.7661520372889221,0.034267200130838324,201.49411286965014,142.5,2014941.1286965013
9.8004192374197601,0.012988524459221436,205.20087073858673,143,2052008.7073858671
9.8134077618789828,0.021278675671616887,-49.154840282938707,143.18951832086702,-491548.40282938705
9.8346864375505998,0.034267200130838324,-41.905708361244201,143.5,-419057.08361244202
9.8689536376814377,0.034267200130838324,-32.953681380265955,144,-329536.81380265951
9.9032208378122757,0.034267200130838324,-23.993084111738206,144.5,-239930.84111738205
9.9374880379431136,0.034267200130838324,-15.024301560229064,145,-150243.01560229063
9.9717552380739516,0.034267200130838324,-6.0477187306821349,145.5,-60477.187306821346
10.006022438204791,0.0059763034300628799,-0.77353362476472942,146,-7735.3362476472939
10.011998741634853,0.028290896700775444,3.7199578952505439,146.08720151350627,37199.578952505435
10.040289638335629,0.034267200130838324,11.927307743942738,146.5,119273.07743942738
10.074556838466467,0.034267200130838324,20.924981379449367,147,209249.81379449368
10.108824038597305,0.034267200130838324,32.041103205585479,147.5,320411.0320558548
10.143091238728143,0.034267200130838324,58.723375688844925,148,587233.75688844919
10.177358438858983,0.034267200130838324,58.723375688844925,148.5,587233.75688844919
10.211625638989821,0.034267200130838324,58.723375688838964,149,587233.75688838959
10.245892839120659,0.034267200130838324,58.723375688844925,149.5,587233.75688844919
10.280160039251497,0.034267200130838324,58.723375688844925,150,587233.75688844919
10.314427239382335,0.034267200130838324,58.723375688844925,150.5,587233.75688844919
10.348694439513174,0.034267200130838324,58.723375688844925,151,587233.75688844919
10.382961639644012,0.034267200130838324,58.723375688844925,151.5,587233.75688844919
10.41722883977485,0.034267200130838324,58.723375688844925,152,587233.75688844919
10.451496039905688,0.034267200130838324,58.723375688844925,152.5,587233.75688844919
10.485763240036528,0.034267200130838324,58.723375688844925,153,587233.75688844919
10.520030440167366,0.034267200130838324,58.723375688844925,153.5,587233.75688844919
10.554297640298204,0.034267200130838324,58.723375688844925,154,587233.75688844919
10.588564840429042,0.034267200130838324,58.723375688844925,154.5,587233.75688844919
10.62283204055988,0.034267200130838324,58.723375688844925,155,587233.75688844919
10.657099240690719,0.034267200130838324,58.723375688844925,155.5,587233.75688844919
10.691366440821557,0.034267200130838324,58.723375688844925,156,587233.75688844919
10.725633640952395,0.034267200130838324,58.723375688844925,156.5,587233.75688844919
10.759900841083233,0.034267200130838324,58.723375688844925,157,587233.75688844919
10.794168041214071,0.034267200130838324,58.723375688844925,157.5,587233.75688844919
10.828435241344911,0.034267200130838324,58.723375688844925,158,587233.75688844919
10.862702441475749,0.034267200130838324,58.723375688844925,158.5,587233.75688844919
10.896969641606587,0.034267200130838324,58.723375688844925,159,587233.75688844919
10.931236841737425,0.034267200130838324,58.723375688844925,159.5,587233.75688844919
10.965504041868265,0.034267200130838324,58.723375688844925,160,587233.75688844919
10.999771241999103,0.034267200130838324,58.723375688844925,160.5,587233.75688844919
11.03403844212994,0.034267200130838324,58.723375688838964,161,587233.75688838959
11.068305642260778,0.034267200130838324,58.723375688844925,161.5,587233.75688844919
11.102572842391616,0.0085463434410577195,58.723375688861282,162,587233.75688861276
11.111119185832674,0.025720856689780604,-279.99999999905958,162.12470151352352,-2799999.999990596
11.136840042522456,0.034267200130838324,-279.99999999906424,162.5,-2799999.9999906421
11.171107242653294,0.034267200130838324,-279.99999999906424,163,-2799999.9999906421
11.205374442784132,0.034267200130838324,-279.99999999906424,163.5,-2799999.9999906421
11.23964164291497,0.034267200130838324,-279.99999999905828,164,-2799999.9999905825
11.273908843045808,0.034267200130838324,-279.99999999906424,164.5,-2799999.9999906421
11.308176043176648,0.034267200130838324,-279.99999999906424,165,-2799999.9999906421
11.342443243307486,0.034267200130838324,-279.99999999905828,165.5,-2799999.9999905825
11.376710443438323,0.034267200130838324,-279.16804566449525,166,-2791680.4566449523
11.410977643569161,0.034267200130838324,-271.90563293319343,166.5,-2719056.3293319345
11.445244843699999,0.034267200130838324,-263.2747942824364,167,-2632747.9428243637
11.479512043830839,0.034267200130838324,-254.62614522996546,167.5,-2546261.4522996545
11.513779243961677,0.034267200130838324,-245.96007078034282,168,-2459600.7078034282
11.548046444092515,0.034267200130838324,-237.2769559384048,168.5,-2372769.559384048
11.582313644223353,0.034267200130838324,-228.14324108092785,169,-2281432.4108092785
11.616580844354193,0.034267200130838324,-212.39554978235961,169.5,-2123955.497823596
11.650848044485031,0.034267200130838324,-194.39862340986133,170,-1943986.2340986133
11.685115244615869,0.034267200130838324,-176.38092521650793,170.5,-1763809.2521650791
11.719382444746707,0.034267200130838324,-158.34249370298983,171,-1583424.9370298982
11.753649644877544,0.034267200130838324,-140.28336736967563,171.5,-1402833.6736967564
11.787916845008384,0.034267200130838324,-122.20358471701742,172,-1222035.8471701741
11.822184045139222,0.034267200130838324,-104.10318424565793,172.5,-1041031.8424565792
11.85645124527006,0.034267200130838324,-85.982204455804833,173,-859822.04455804825
11.890718445400898,0.034267200130838324,-67.84068384822011,173.5,-678406.8384822011
11.924985645531736,0.034267200130838324,-49.678660923182967,174,-496786.60923182964
11.959252845662576,0.034267200130838324,-31.496174181199077,174.5,-314961.74181199074
11.993520045793414,0.034267200130838324,-13.293262122821808,175,-132932.62122821808
12.027787245924252,0.0078609994376000972,-2.0946792448806253,175.5,-20946.792448806253
12.035648245361852,0.026406200693238225,7.0212610492988752,175.61470151351125,70212.610492988752
12.06205444605509,0.034267200130838324,23.173683941525223,176,231736.83941525221
12.096321646185928,0.034267200130838324,41.437640946489573,176.5,414376.40946489573
12.130588846316767,0.034267200130838324,59.72186926586032,177,597218.69265860319
12.164856046447605,0.034267200130838324,78.026330399483442,177.5,780263.30399483442
12.199123246578443,0.034267200130838324,96.350985846596956,178,963509.85846596956
12.233390446709281,0.034267200130838324,114.69579710685015,178.5,1146957.9710685015
12.267657646840121,0.034267200130838324,133.06072567982673,179,1330607.2567982674
12.301924846970959,0.034267200130838324,151.44573306487203,179.5,1514457.3306487203
12.336192047101797,0.034267200130838324,169.85078076162338,180,1698507.8076162338
12.370459247232635,0.034267200130838324,188.27583026963472,180.5,1882758.3026963472
12.404726447363473,0.034267200130838324,206.72084308831694,181,2067208.4308831692
12.438993647494312,0.034267200130838324,225.18578071733117,181.5,2251857.8071733117
12.47326084762515,0.034267200130838324,243.67060465607645,182,2436706.0465607643
12.507528047755988,0.034267200130838324,264.28746433575753,182.5,2642874.6433575749
12.541795247886826,0.034267200130838324,300.48440872702002,183,3004844.0872702003
12.576062448017664,0.034267200130838324,310.01336119364504,183.5,3100133.61193645
12.610329648148504,0.034267200130838324,318.57429620204567,184,3185742.9620204568
12.644596848279342,0.034267200130838324,320.00000000029206,184.5,3200000.0000029206
12.67886404841018,0.034267200130838324,320.00000000029206,185,3200000.0000029206
12.713131248541018,0.034267200130838324,320.00000000029206,185.5,3200000.0000029206
12.747398448671856,0.034267200130838324,320.00000000029206,186,3200000.0000029206
12.781665648802695,0.034267200130838324,320.00000000029206,186.5,3200000.0000029206
12.815932848933533,0.034267200130838324,320.00000000028609,187,3200000.000002861
12.850200049064371,0.034267200130838324,320.00000000029206,187.5,3200000.0000029206
12.884467249195209,0.034267200130838324,320.00000000029206,188,3200000.0000029206
12.918734449326049,0.034267200130838324,320.00000000029206,188.5,3200000.0000029206
12.953001649456887,0.034267200130838324,320.00000000029206,189,3200000.0000029206
12.987268849587725,0.034267200130838324,320.00000000028609,189.5,3200000.000002861
13.021536049718563,0.034267200130838324,320.00000000028609,190,3200000.000002861
13.055803249849401,0.034267200130838324,320.00000000026228,190.5,3200000.0000026226
13.09007044998024,0.034267200130838324,320.00000000022652,191,3200000.000002265
13.124337650111078,0.034267200130838324,320.00000000024437,191.5,3200000.0000024438
13.158604850241916,0.034267200130838324,320.00000000019077,192,3200000.0000019073
13.192872050372754,0.034267200130838324,320.00000000022055,192.5,3200000.0000022054
13.227139250503592,0.034267200130838324,320.00000000010732,193,3200000.0000010729
13.261406450634432,0.034267200130838324,320.00000000011329,193.5,3200000.0000011325
13.29567365076527,0.034267200130838324,320.00000000017286,194,3200000.0000017285
13.329940850896108,0.034267200130838324,286.3704860538125,194.5,2863704.860538125
13.364208051026946,0.034267200130838324,56.431717641407253,195,564317.17641407251
13.398475251157784,0.034267200130838324,56.431717641407253,195.5,564317.17641407251
13.432742451288624,0.034267200130838324,56.431717641401292,196,564317.17641401291
13.467009651419461,0.034267200130838324,56.431717641407253,196.5,564317.17641407251
13.501276851550299,0.034267200130838324,56.431717641401292,197,564317.17641401291
13.535544051681137,0.034267200130838324,56.431717641407253,197.5,564317.17641407251
13.569811251811977,0.034267200130838324,56.431717641407253,198,564317.17641407251
13.604078451942815,0.034267200130838324,56.431717641401292,198.5,564317.17641401291
13.638345652073653,0.034267200130838324,56.431717641407253,199,564317.17641407251
13.672612852204491,0.034267200130838324,56.431717641401292,199.5,564317.17641401291
13.706880052335329,0.034267200130838324,56.431717641407253,200,564317.17641407251
13.741147252466169,0.034267200130838324,56.431717641407253,200.5,564317.17641407251
13.775414452597007,0.034267200130838324,56.431717641401292,201,564317.17641401291
13.809681652727845,0.034267200130838324,56.431717641407253,201.5,564317.17641407251
13.843948852858682,0.034267200130838324,56.431717641407253,202,564317.17641407251
13.87821605298952,0.034267200130838324,56.431717641401292,202.5,564317.17641401291
13.91248325312036,0.034267200130838324,56.431717641407253,203,564317.17641407251
13.946750453251198,0.034267200130838324,56.431717641401292,203.5,564317.17641401291
13.981017653382036,0.034267200130838324,56.865662269294262,204,568656.62269294262
14.015284853512874,0.034267200130838324,63.897312955385452,204.5,638973.12955385447
14.049552053643712,0.034267200130838324,73.162313337874423,205,731623.13337874413
14.083819253774552,0.034267200130838324,82.432585167795423,205.5,824325.8516779542
14.11808645390539,0.034267200130838324,91.708474949544666,206,917084.74949544668
14.152353654036228,0.034267200130838324,100.99032918733359,206.5,1009903.2918733358
14.186620854167066,0.034267200130838324,110.27849438548088,207,1102784.9438548088
14.220888054297905,0.034267200130838324,119.57331704826356,207.5,1195733.1704826355
14.255155254428743,0.034267200130838324,128.87514367969632,208,1288751.4367969632
14.289422454559581,0.034267200130838324,138.18432078455092,208.5,1381843.2078455091
14.323689654690419,0.034267200130838324,147.50119486682416,209,1475011.9486682415
14.357956854821257,0.034267200130838324,156.82611243075132,209.5,1568261.1243075132
14.392224054952097,0.034267200130838324,166.15941998053194,210,1661594.1998053193
14.426491255082935,0.034267200130838324,175.50146402090192,210.5,1755014.6402090192
14.460758455213773,0.034267200130838324,184.85259105581642,211,1848525.9105581641
14.495025655344611,0.034267200130838324,194.21314758940937,211.5,1942131.4758940935
14.529292855475449,0.034267200130838324,203.58348012604714,212,2035834.8012604713
14.563560055606288,0.034267200130838324,212.96393516993524,212.5,2129639.3516993523
14.597827255737126,0.034267200130838324,222.35485922586324,213,2223548.5922586322
14.632094455867964,0.033644723767777496,231.67114688077257,213.5,2316711.4688077257
14.665739179635741,0.00062247636306082734,-100.05645971559728,213.99091731509017,-1000564.5971559727
14.666361655998802,0.034267200130838324,-95.262217251032595,214,-952622.17251032591
14.70062885612964,0.034267200130838324,-85.837807134616384,214.5,-858378.07134616375
14.73489605626048,0.034267200130838324,-76.401541989177474,215,-764015.41989177465
14.769163256391318,0.034267200130838324,-66.953075310850153,215.5,-669530.75310850143
14.803430456522156,0.034267200130838324,-57.492060595148807,216,-574920.60595148802
14.837697656652994,0.034267200130838324,-47.00570472966433,216.5,-470057.04729664326
14.871964856783833,0.034267200130838324,-30.045649356842041,217,-300456.49356842041
14.906232056914671,0.034267200130838324,-11.913256886333228,217.5,-119132.56886333227
14.940499257045509,0.0053742836595810986,-1.4120823651339003,218,-14120.823651339002
14.94587354070509,0.028892916471257225,7.6762237031799208,218.07841731508645,76762.237031799203
14.974766457176347,0.034267200130838324,24.446670547801258,218.5,244466.70547801256
15.009033657307185,0.034267200130838324,41.691483988946679,219,416914.83988946676
15.043300857438025,0.034267200130838324,51.817704148548842,219.5,518177.04148548841
15.077568057568863,0.034267200130838324,60.534473434412483,220,605344.73434412479
15.111835257699701,0.034267200130838324,69.267110639941691,220.5,692671.10639941692
15.146102457830539,0.034267200130838324,78.015230760198833,221,780152.30760198832
15.180369657961377,0.034267200130838324,86.778448790431028,221.5,867784.48790431023
15.214636858092216,0.034267200130838324,95.556379725861561,222,955563.79725861549
15.248904058223054,0.034267200130838324,104.34863856173754,222.5,1043486.3856173754
15.283171258353892,0.034267200130838324,113.1548402933538,223,1131548.402933538
15.31743845848473,0.034267200130838324,121.9745999161005,223.5,1219745.999161005
15.351705658615568,0.034267200130838324,130.80753242488504,224,1308075.3242488503
15.385972858746408,0.034267200130838324,139.65325281516314,224.5,1396532.5281516314
15.420240058877246,0.034267200130838324,148.51137608222365,225,1485113.7608222365
15.454507259008084,0.034267200130838324,157.38151722128987,225.5,1573815.1722128987
15.488774459138922,0.034267200130838324,166.26329122744801,226,1662632.9122744799
15.523041659269762,0.034267200130838324,175.15631309604646,226.5,1751563.1309604645
15.557308859400599,0.034267200130838324,184.06019782232048,227,1840601.9782232046
15.591576059531437,0.034267200130838324,192.97456040170195,227.5,1929745.6040170193
15.625843259662275,0.034267200130838324,201.89901582907439,228,2018990.1582907438
15.660110459793113,0.034267200130838324,210.83317909997703,228.5,2108331.7909997702
15.694377659923953,0.034267200130838324,219.77666520960929,229,2197766.6520960927
15.728644860054791,0.029944306184983237,227.72953841070077,229.5,2277295.3841070076
15.758589166239775,0.0043228939458550874,-30.925310257751828,229.93692373568092,-309253.10257751826
15.762912060185629,0.034267200130838324,-25.878216433382036,230,-258782.16433382034
15.797179260316467,0.034267200130838324,-16.909071836405992,230.5,-169090.71836405993
15.831446460447305,0.034267200130838324,-7.9321444196224213,231,-79321.444196224213
15.865713660578145,0.013084403688171231,-1.7258074614596914,231.5,-17258.074614596913
15.878798064266315,0.021182796442667091,2.7681166709277329,231.69091731507407,27681.166709277328
15.899980860708983,0.034267200130838324,10.043518853604795,232,100435.18853604794
15.93424806083982,0.034267200130838324,19.041484700679781,232.5,190414.84700679779
15.968515260970658,0.034267200130838324,31.180503835219145,233,311805.03835219145
16.002782461101496,0.034267200130838324,56.431717640215162,233.5,564317.17640215158
16.037049661232334,0.034267200130838324,56.4317176402092,234,564317.17640209198
16.071316861363172,0.034267200130838324,56.431717640215162,234.5,564317.17640215158
16.105584061494014,0.034267200130838324,56.431717640215162,235,564317.17640215158
16.139851261624852,0.034267200130838324,56.4317176402092,235.5,564317.17640209198
16.17411846175569,0.034267200130838324,56.431717640215162,236,564317.17640215158
16.208385661886528,0.034267200130838324,56.4317176402092,236.5,564317.17640209198
16.242652862017366,0.034267200130838324,56.431717640215162,237,564317.17640215158
16.276920062148204,0.034267200130838324,56.431717640215162,237.5,564317.17640215158
16.311187262279041,0.034267200130838324,56.4317176402092,238,564317.17640209198
16.345454462409879,0.034267200130838324,56.431717640215162,238.5,564317.17640215158
16.379721662540717,0.034267200130838324,56.4317176402092,239,564317.17640209198
16.413988862671559,0.034267200130838324,56.431717640215162,239.5,564317.17640215158
16.448256062802397,0.034267200130838324,56.431717640215162,240,564317.17640215158
16.482523262933235,0.034267200130838324,56.4317176402092,240.5,564317.17640209198
16.516790463064073,0.034267200130838324,56.431717640215162,241,564317.17640215158
16.551057663194911,0.034267200130838324,56.431717640215162,241.5,564317.17640215158
16.585324863325749,0.034267200130838324,56.4317176402092,242,564317.17640209198
16.619592063456587,0.034267200130838324,56.431717640215162,242.5,564317.17640215158
16.653859263587425,0.034267200130838324,56.4317176402092,243,564317.17640209198
16.688126463718262,0.034267200130838324,56.431717640215162,243.5,564317.17640215158
16.7223936638491,0.034267200130838324,56.431717640215162,244,564317.17640215158
16.756660863979942,0.034267200130838324,56.4317176402092,244.5,564317.17640209198
16.79092806411078,0.034267200130838324,56.431717640215162,245,564317.17640215158
16.825195264241618,0.034267200130838324,56.4317176402092,245.5,564317.17640209198
16.859462464372456,0.034267200130838324,56.431717640215162,246,564317.17640215158
16.893729664503294,0.034267200130838324,56.431717640215162,246.5,564317.17640215158
16.927996864634132,0.034267200130838324,56.4317176402092,247,564317.17640209198
16.96226406476497,0.034267200130838324,56.431717640215162,247.5,564317.17640215158
16.996531264895808,0.034267200130838324,56.4317176402092,248,564317.17640209198
17.030798465026646,0.033644723767777496,56.431717640218899,248.5,564317.17640218895
17.064443188794424,0.00062247636306082734,-279.99999999905555,248.99091731509017,-2799999.9999905555
17.065065665157487,0.034267200130838324,-279.99999999906424,249,-2799999.9999906421
17.099332865288325,0.034267200130838324,-279.99999999905828,249.5,-2799999.9999905825
17.133600065419163,0.034267200130838324,-279.99999999906424,250,-2799999.9999906421
17.167867265550001,0.034267200130838324,-279.99999999906424,250.5,-2799999.9999906421
17.202134465680839,0.034267200130838324,-279.99999999906424,251,-2799999.9999906421
17.236401665811677,0.034267200130838324,-278.98755339140894,251.5,-2789875.5339140892
17.270668865942515,0.034267200130838324,-271.51464832245114,252,-2715146.4832245111
17.304936066073353,0.034267200130838324,-262.88299370530251,252.5,-2628829.9370530248
17.339203266204191,0.034267200130838324,-254.23354614493252,253,-2542335.4614493251
17.373470466335029,0.034267200130838324,-245.5666906459272,253.5,-2455666.9064592719
17.40773766646587,0.034267200130838324,-236.88281221305132,254,-2368828.1221305132
17.442004866596708,0.034267200130838324,-228.18229585133196,254.5,-2281822.9585133195
17.476272066727546,0.034267200130838324,-219.46552656542659,255,-2194655.2656542659
17.510539266858384,0.034267200130838324,-210.73288935989143,255.5,-2107328.8935989141
17.544806466989222,0.034267200130838324,-201.9847692397237,256,-2019847.6923972368
17.57907366712006,0.034267200130838324,-200.25152527420522,256.5,-2002515.2527420521
17.613340867250898,0.034267200130838324,-204.44362027397753,257,-2044436.2027397752
17.647608067381736,0.034267200130838324,-195.65136143807769,257.5,-1956513.6143807769
17.681875267512574,0.034267200130838324,-186.84515970642568,258,-1868451.5970642567
17.716142467643415,0.034267200130838324,-178.02540008373856,258.5,-1780254.0008373857
17.750409667774253,0.034267200130838324,-169.19246757488847,259,-1691924.6757488847
17.784676867905091,0.034267200130838324,-160.34674718451501,259.5,-1603467.47184515
17.818944068035929,0.034267200130838324,-151.48862391747238,260,-1514886.2391747236
17.853211268166767,0.034267200130838324,-142.61848277847767,260.5,-1426184.8277847767
17.887478468297605,0.034267200130838324,-133.73670877227784,261,-1337367.0877227783
17.921745668428443,0.034267200130838324,-124.84368690364361,261.5,-1248436.8690364361
17.956012868559281,0.034267200130838324,-115.93980217731595,262,-1159398.0217731595
17.990280068690119,0.034267200130838324,-107.02543959802389,262.5,-1070254.3959802389
18.024547268820957,0.034267200130838324,-98.100984170556075,263,-981009.84170556068
18.058814468951798,0.034267200130838324,-89.166820899659399,263.5,-891668.20899659395
18.093081669082636,0.034267200130838324,-80.22333479013443,264,-802233.3479013443
18.127348869213474,0.034267200130838324,-71.270910846662531,264.5,-712709.10846662521
18.161616069344312,0.034267200130838324,-62.309934073984628,265,-623099.34073984623
18.19588326947515,0.034267200130838324,-53.340789476996662,265.5,-533407.8947699666
18.230150469605988,0.034267200130838324,-44.363862060302495,266,-443638.62060302496
18.264417669736826,0.034267200130838324,-35.379536828720575,266.5,-353795.3682872057
18.298684869867664,0.034267200130838324,-26.388198786979913,267,-263881.98786979914
18.332952069998502,0.034267200130838324,-17.390232939887049,267.5,-173902.32939887047
18.367219270129343,0.029875331752175188,-8.9633067238348083,268,-89633.067238348085
18.397094601881516,0.0043918683786631349,20.000000000030667,268.43591731507252,200000.00000030667
18.401486470260181,0.034267200130838324,20.000000000017881,268.5,200000.00000017881
18.435753670391019,0.034267200130838324,20.000000000017881,269,200000.00000017881
18.470020870521857,0.034267200130838324,20.000000000017881,269.5,200000.00000017881
18.504288070652695,0.034267200130838324,20.000000000017881,270,200000.00000017881
18.538555270783533,0.034267200130838324,20.000000000017881,270.5,200000.00000017881
18.572822470914371,0.034267200130838324,20.000000000023842,271,200000.00000023842
18.607089671045209,0.034267200130838324,20.000000000017881,271.5,200000.00000017881
18.641356871176047,0.034267200130838324,20.000000000017881,272,200000.00000017881
18.675624071306885,0.034267200130838324,20.000000000017881,272.5,200000.00000017881
18.709891271437726,0.034267200130838324,20.000000000017881,273,200000.00000017881
18.744158471568564,0.034267200130838324,20.000000000017881,273.5,200000.00000017881
18.778425671699402,0.034267200130838324,20.000000000017881,274,200000.00000017881
18.81269287183024,0.034267200130838324,20.000000000017881,274.5,200000.00000017881
18.846960071961078,0.034267200130838324,20.000000000017881,275,200000.00000017881
18.881227272091916,0.034267200130838324,20.000000000017881,275.5,200000.00000017881
18.915494472222754,0.034267200130838324,20.000000000017881,276,200000.00000017881
18.949761672353592,0.034267200130838324,20.000000000017881,276.5,200000.00000017881
18.98402887248443,0.034267200130838324,20.000000000017881,277,200000.00000017881
19.018296072615271,0.034267200130838324,20.000000000017881,277.5,200000.00000017881
19.052563272746109,0.034267200130838324,20.000000000017881,278,200000.00000017881
19.086830472876947,0.034267200130838324,20.000000000017881,278.5,200000.00000017881
19.121097673007785,0.034267200130838324,20.000000000017881,279,200000.00000017881
19.155364873138623,0.034267200130838324,20.000000000017881,279.5,200000.00000017881
19.189632073269461,0.034267200130838324,20.000000000017881,280,200000.00000017881
19.223899273400299,0.034267200130838324,20.000000000017881,280.5,200000.00000017881
19.258166473531137,0.034267200130838324,20.000000000023842,281,200000.00000023842
19.292433673661975,0.034267200130838324,20.000000000017881,281.5,200000.00000017881
19.326700873792813,0.034267200130838324,20.000000000017881,282,200000.00000017881
19.360968073923654,0.034267200130838324,20.000000000017881,282.5,200000.00000017881
19.395235274054492,0.034267200130838324,20.000000000017881,283,200000.00000017881
19.42950247418533,0.034267200130838324,20.000000000017881,283.5,200000.00000017881
19.463769674316168,0.034267200130838324,20.000000000017881,284,200000.00000017881
19.498036874447006,0.034267200130838324,20.000000000017881,284.5,200000.00000017881
19.532304074577844,0.034267200130838324,20.000000000017881,285,200000.00000017881
19.566571274708682,0.034267200130838324,20.000000000017881,285.5,200000.00000017881
19.60083847483952,0.034267200130838324,20.000000000017881,286,200000.00000017881
19.635105674970358,0.034267200130838324,20.000000000017881,286.5,200000.00000017881
19.6693728751012,0.034267200130838324,20.000000000017881,287,200000.00000017881
19.703640075232038,0.034267200130838324,20.000000000017881,287.5,200000.00000017881
19.737907275362875,0.034267200130838324,20.000000000017881,288,200000.00000017881
19.772174475493713,0.034267200130838324,20.000000000017881,288.5,200000.00000017881
19.806441675624551,0.034267200130838324,20.000000000017881,289,200000.00000017881
19.840708875755389,0.034267200130838324,20.000000000017881,289.5,200000.00000017881
19.874976075886227,0.034267200130838324,20.000000000017881,290,200000.00000017881
19.909243276017065,0.034267200130838324,20.000000000023842,290.5,200000.00000023842
19.943510476147903,0.034267200130838324,20.000000000011923,291,200000.00000011921
19.977777676278741,0.022222323721259159,20.000000000018638,291.5,200000.00000018638
